"67 Mayfair Drive ","Parsippany, NJ 07054"
"9260 East William Ave. ","Newburgh, NY 12550"
"737 Mayfield Drive ","Liverpool, NY 13090"
"8242 Hamilton Lane ","Dearborn Heights, MI 48127"
"539 Studebaker St. ","Circle Pines, MN 55014"
"101 Grant Drive ","Midlothian, VA 23112"
"1 E. Wintergreen Court ","Orange Park, FL 32065"
"635 4th Dr. ","Mechanicsville, VA 23111"
"890 Myrtle Ave. ","Fort Washington, MD 20744"
"171 Ashley Lane ","Mobile, AL 36605"
"9809 Ann Ave. ","Westland, MI 48185"
"945 Poor House Street ","Chicago Heights, IL 60411"
"135 Talbot Dr. ","Miami Beach, FL 33139"
"8401 Marlborough Drive ","Fremont, OH 43420"
"8362 West Aspen Ave. ","Southampton, PA 18966"
"65 Bridle St. ","Ponte Vedra Beach, FL 32082"
"627 Arlington Ave. ","Delaware, OH 43015"
"7202 Tunnel Drive ","Maumee, OH 43537"
"432 Chestnut St. ","Southfield, MI 48076"
"7309 Court St. ","Chevy Chase, MD 20815"
"28 Harvey Court ","Pasadena, MD 21122"
"49 Harvard Rd. ","North Brunswick, NJ 08902"
"284 Lakeshore Drive ","Fairport, NY 14450"
"814 Manor St. ","Lake Worth, FL 33460"
"857 4th Avenue ","Brandon, FL 33510"
"348 Princess Drive ","Macon, GA 31204"
"71 Ridgeview St. ","Asbury Park, NJ 07712"
"676 East Foster Dr. ","Tualatin, OR 97062"
"82 La Sierra Lane ","Ballston Spa, NY 12020"
"842 Strawberry Street ","North Fort Myers, FL 33917"
"980 Bohemia Street ","Beckley, WV 25801"
"397 Gainsway Court ","Grovetown, GA 30813"
"630 Woodland Lane ","Bluffton, SC 29910"
"287 Miller Circle ","Chesapeake, VA 23320"
"9940 Olive Dr. ","Highland, IN 46322"
"859 N. Rockville Dr. ","Colonial Heights, VA 23834"
"24 1st Street ","Buffalo Grove, IL 60089"
"85 Cooper Drive ","Flint, MI 48504"
"85 Walnut Street ","Desoto, TX 75115"
"8829 Cottage Court ","Holland, MI 49423"
"95 St Margarets Ave. ","Jupiter, FL 33458"
"711 Theatre Court ","Grand Island, NE 68801"
"902 Pulaski Court ","Ypsilanti, MI 48197"
"97 Cleveland Street ","Zeeland, MI 49464"
"627 NW. Alton Ave. ","Philadelphia, PA 19111"
"2 Howard St. ","Bethlehem, PA 18015"
"7977 Corona Ave. ","Olney, MD 20832"
"7094 Taylor Road ","Mcallen, TX 78501"
"902 Gainsway Lane ","Hephzibah, GA 30815"
"8960 Boston Ave. ","Malvern, PA 19355"
"7 Airport Ave. ","Lynnwood, WA 98037"
"87 Birchpond Street ","New Brunswick, NJ 08901"
"594 Peninsula Lane ","Goldsboro, NC 27530"
"9196 Surrey Street ","Roselle, IL 60172"
"6 Pearl Ave. ","Anaheim, CA 92806"
"9794 James St. ","Bolingbrook, IL 60440"
"886 Studebaker Ave. ","Altamonte Springs, FL 32714"
"457 James Rd. ","Centreville, VA 20120"
"336 Winding Way St. ","Rolla, MO 65401"
"888 Trout Street ","Hillsborough, NJ 08844"
"519 Oak Valley Ave. ","Whitehall, PA 18052"
"7 Indian Spring Rd. ","Hackensack, NJ 07601"
"119 North Chestnut Rd. ","Riverdale, GA 30274"
"976 Wild Rose Street ","Bloomfield, NJ 07003"
"7661 Linden Road ","Chaska, MN 55318"
"10 Bank Avenue ","Williamsport, PA 17701"
"207 East Brandywine Avenue ","Niceville, FL 32578"
"6 Jefferson Dr. ","Kennesaw, GA 30144"
"28 West Rockcrest Rd. ","Williamstown, NJ 08094"
"759 Greystone Lane ","Powder Springs, GA 30127"
"66 South Sulphur Springs Road ","Greensburg, PA 15601"
"7049 Tarkiln Hill Dr. ","Fresno, CA 93706"
"8467 Inverness Lane ","Hicksville, NY 11801"
"81 Sunset Drive ","Bayside, NY 11361"
"86 West Pierce St. ","Tuscaloosa, AL 35405"
"32 St Margarets Drive ","Winter Springs, FL 32708"
"23 Clinton St. ","Vista, CA 92083"
"678 Brook St. ","Fort Myers, FL 33905"
"70 Spring St. ","Massapequa Park, NY 11762"
"7844 Saxton St. ","Norwood, MA 02062"
"2 South Fawn Court ","Thomasville, NC 27360"
"74 Edgewood Dr. ","Suitland, MD 20746"
"7309 Front Avenue ","San Angelo, TX 76901"
"796 Myrtle St. ","South Plainfield, NJ 07080"
"1 West Pumpkin Hill Drive ","Troy, NY 12180"
"268 El Dorado St. ","Brookfield, WI 53045"
"8528 Highland Ave. ","Noblesville, IN 46060"
"140 Grove Ave. ","Kingston, NY 12401"
"64 Arlington St. ","Woburn, MA 01801"
"673 West Amherst St. ","Lansing, MI 48910"
"7055 Shadow Brook Lane ","Rowlett, TX 75088"
"9064 Dogwood Road ","Klamath Falls, OR 97603"
"7629 Glen Eagles Street ","Richardson, TX 75080"
"9881 Church Ave. ","Mc Lean, VA 22101"
"88 Buttonwood St. ","Anderson, SC 29621"
"258 North Linden Ave. ","Ocoee, FL 34761"
"55 Olive Street ","Hamburg, NY 14075"
"8671 Manor Drive ","Maryville, TN 37803"
"567 W. Atlantic Street ","West Hempstead, NY 11552"
"7340 Mill Pond St. ","Morganton, NC 28655"
"718 St Paul Drive ","Downingtown, PA 19335"
"8873 Constitution Drive ","Belmont, MA 02478"
"218 Deerfield Ave. ","Hastings, MN 55033"
"8453 Cemetery Court ","Queensbury, NY 12804"
"20 Gartner Dr. ","Matthews, NC 28104"
"828 Edgefield St. ","New York, NY 10002"
"7949 1st Ave. ","Crawfordsville, IN 47933"
"7250 Lakeview Drive ","Annandale, VA 22003"
"7098 Hickory Lane ","Jacksonville Beach, FL 32250"
"42 Front St. ","Glen Ellyn, IL 60137"
"820 Rockcrest Court ","North Canton, OH 44720"
"849 N. Illinois Ave. ","Yonkers, NY 10701"
"72 South Country Club Court ","Taylor, MI 48180"
"910 Beach St. ","Macungie, PA 18062"
"567 Lees Creek St. ","Griffin, GA 30223"
"7801 Pheasant Lane ","Hilliard, OH 43026"
"436 Myers Street ","Absecon, NJ 08205"
"99 East White Drive ","Pearl, MS 39208"
"64 Thomas Street ","Manitowoc, WI 54220"
"663 Sycamore Street ","Chambersburg, PA 17201"
"901 Tower Street ","Charleston, SC 29406"
"731 Sunbeam Dr. ","Sumter, SC 29150"
"784 Rock Maple St. ","Panama City, FL 32404"
"7079 Hawthorne Lane ","Ambler, PA 19002"
"9366 Joy Ridge Street ","Zionsville, IN 46077"
"9398 Berkshire Street ","Revere, MA 02151"
"29 Green St. ","Deland, FL 32720"
"26 North Princeton Ave. ","Fairhope, AL 36532"
"104 North Parker Road ","Sarasota, FL 34231"
"32 1st St. ","Birmingham, AL 35209"
"907 Devon Dr. ","Middleburg, FL 32068"
"190 West Lane ","Odenton, MD 21113"
"9A East Rose St. ","Auburn, NY 13021"
"78 N. Shore Street ","Irwin, PA 15642"
"176 Garden Dr. ","Ladson, SC 29456"
"61 Broad Court ","Enfield, CT 06082"
"614 Boston Drive ","Faribault, MN 55021"
"27 Fordham St. ","Miami Gardens, FL 33056"
"8866 Inverness Ave. ","Rolling Meadows, IL 60008"
"288 Lancaster Dr. ","Allentown, PA 18102"
"49 Henry Smith Street ","North Kingstown, RI 02852"
"404 Santa Clara Rd. ","North Andover, MA 01845"
"8773 Pawnee Road ","Redondo Beach, CA 90278"
"334 North North St. ","Erie, PA 16506"
"8286 Heritage Dr. ","Millington, TN 38053"
"838 N. Academy Street ","Farmington, MI 48331"
"9214 Manhattan Street ","Jersey City, NJ 07302"
"8495 Glendale Drive ","Shrewsbury, MA 01545"
"9032 San Pablo Dr. ","Rossville, GA 30741"
"9769 Wrangler St. ","Moncks Corner, SC 29461"
"69 New Saddle Court ","Roswell, GA 30075"
"9694 Holly Street ","Hope Mills, NC 28348"
"43 Essex St. ","Pawtucket, RI 02860"
"8284 Corona St. ","Deltona, FL 32725"
"7841 Dogwood Street ","Macomb, MI 48042"
"8040 Harvard Rd. ","Blackwood, NJ 08012"
"9823 Airport Avenue ","Wethersfield, CT 06109"
"8450 Halifax St. ","Marion, NC 28752"
"338 Lake View St. ","Apopka, FL 32703"
"4 Hamilton St. ","Powhatan, VA 23139"
"7 Bald Hill Dr. ","Burlington, MA 01803"
"81 Constitution St. ","Nicholasville, KY 40356"
"7586 Mayfield St. ","Salem, MA 01970"
"7146 Cypress Drive ","Marlborough, MA 01752"
"7176 Bellevue Lane ","North Haven, CT 06473"
"44 W. Newport Avenue ","Lakewood, NJ 08701"
"649 Pierce Drive ","Columbia, MD 21044"
"576 Lakeshore Dr. ","Goose Creek, SC 29445"
"8004 Penn Street ","Hanover Park, IL 60133"
"86 Bradford Ave. ","Tiffin, OH 44883"
"72 Water Drive ","Plymouth, MA 02360"
"15 Pin Oak St. ","Avon Lake, OH 44012"
"93 Roosevelt Avenue ","Kingsport, TN 37660"
"53 Chapel Street ","Midland, MI 48640"
"544 North Cambridge Rd. ","Portland, ME 04103"
"2 Del Monte Rd. ","Canandaigua, NY 14424"
"36 Surrey Street ","Glen Burnie, MD 21060"
"658 Piper Street ","Englewood, NJ 07631"
"45 Grandrose St. ","Winter Garden, FL 34787"
"200 Glenholme Ave. ","Billings, MT 59101"
"51 Anderson Rd. ","Uniondale, NY 11553"
"802 Maiden Street ","Fenton, MI 48430"
"8241 Constitution St. ","Barberton, OH 44203"
"16 1st Drive ","Utica, NY 13501"
"898 Swanson Drive ","Mount Holly, NJ 08060"
"42 NW. Golden Star  Drive ","Elmont, NY 11003"
"140 Princeton Road ","Zanesville, OH 43701"
"1 Alton Street ","Danbury, CT 06810"
"9998 Roberts Road ","Romeoville, IL 60446"
"97 Wild Horse St. ","Raleigh, NC 27603"
"99 Argyle Ave. ","West Bend, WI 53095"
"7687 Cobblestone St. ","Poughkeepsie, NY 12601"
"284 Durham Dr. ","Sioux City, IA 51106"
"5 Mechanic St. ","Tucson, AZ 85718"
"1 Golden Star  St. ","East Lansing, MI 48823"
"548 NE. Branch Street ","Laurel, MD 20707"
"2 Sulphur Springs Street ","Owings Mills, MD 21117"
"717 W. New Court ","Casselberry, FL 32707"
"710 Old Canal St. ","Oakland Gardens, NY 11364"
"672 West Beechwood St. ","Pensacola, FL 32503"
"432 Jackson Ave. ","Winter Haven, FL 33880"
"467 Chapel Court ","Suite 4 ","Dedham, MA 02026"
"9811 Riverside St. ","Conway, SC 29526"
"707 Windsor Dr. ","Rockville Centre, NY 11570"
"483 Virginia Lane ","Centereach, NY 11720"
"9080 Elizabeth Lane ","Dublin, GA 31021"
"7386 Bradford Court ","Palm City, FL 34990"
"9709 Cleveland Ave. ","Chatsworth, GA 30705"
"642 North Greystone Street ","Mokena, IL 60448"
"19 Forest St. ","Somerset, NJ 08873"
"7335 Honey Creek St. ","Sioux Falls, SD 57103"
"226 Arcadia Court ","Ankeny, IA 50023"
"6 Elizabeth St. ","Milledgeville, GA 31061"
"9 Academy St. ","Fort Walton Beach, FL 32547"
"141 George Ave. ","Christiansburg, VA 24073"
"44 Pierce Court ","Green Bay, WI 54302"
"80 Hilldale Dr. ","Huntington Station, NY 11746"
"9234 Bow Ridge Ave. ","Kalispell, MT 59901"
"8257 Windfall Ave. ","New Castle, PA 16101"
"9970 Forest Lane ","Quakertown, PA 18951"
"960 N. Longbranch Rd. ","Lancaster, NY 14086"
"30 Manor Drive ","Soddy Daisy, TN 37379"
"3 Trenton Road ","Havertown, PA 19083"
"7020 Catherine St. ","Beaver Falls, PA 15010"
"897 Garfield Ave. ","Beltsville, MD 20705"
"7664 Lantern Ave. ","North Olmsted, OH 44070"
"7742 Grandrose Road ","Harrisonburg, VA 22801"
"39 Briarwood Lane ","Kissimmee, FL 34741"
"533 Purple Finch Dr. ","Kalamazoo, MI 49009"
"330 Ridgeview Lane ","Lake Jackson, TX 77566"
"7271 Brewery St. ","Port Washington, NY 11050"
"9536 South Ave. ","Fleming Island, FL 32003"
"69 Rocky River St. ","Lake Zurich, IL 60047"
"9605 Mayfair Ave. ","Brighton, MA 02135"
"53 Longbranch Circle ","Metairie, LA 70001"
"7684 Pennington Rd. ","Des Plaines, IL 60016"
"60 Walt Whitman Ave. ","Natchez, MS 39120"
"75 Courtland Drive ","Scotch Plains, NJ 07076"
"9402 York St. ","Rochester, NY 14606"
"730 SW. Sierra Circle ","Windermere, FL 34786"
"92 Baker Street ","Spartanburg, SC 29301"
"570 Oakwood Rd. ","Yakima, WA 98908"
"659 Big Rock Cove St. ","Clemmons, NC 27012"
"9751 Jackson Rd. ","Mcdonough, GA 30252"
"6 Green Lake Circle ","Linden, NJ 07036"
"927 East Wellington St. ","Albany, NY 12203"
"7505 NW. Grandrose Ave. ","Hinesville, GA 31313"
"534 Spring St. ","Mountain View, CA 94043"
"8578 Lees Creek Dr. ","Oxnard, CA 93035"
"922 Fawn Rd. ","Hollis, NY 11423"
"936 E. Fawn Court ","Myrtle Beach, SC 29577"
"8228 Brook Road ","Hopewell, VA 23860"
"503 East Baker Drive ","Nanuet, NY 10954"
"54 West Augusta Court ","Endicott, NY 13760"
"7579 NW. Ridgewood Drive ","Bettendorf, IA 52722"
"7969 Selby Ave. ","Saint Johns, FL 32259"
"8560 S. Lake View Street ","Wappingers Falls, NY 12590"
"906 Winding Way Street ","Attleboro, MA 02703"
"9127 East Lilac Ave. ","Defiance, OH 43512"
"92 Beechwood St. ","Chapel Hill, NC 27516"
"156 St Margarets Rd. ","Melbourne, FL 32904"
"656 West Marsh St. ","Chicopee, MA 01020"
"483 Redwood Dr. ","Owatonna, MN 55060"
"629 Silver Spear Ave. ","Northville, MI 48167"
"623 Goldfield Drive ","Glenview, IL 60025"
"27 Cottage Dr. ","Lebanon, PA 17042"
"7752 Westport Ave. ","Bountiful, UT 84010"
"285 Cedar Swamp Rd. ","Milton, MA 02186"
"9858 Clark St. ","Hazleton, PA 18201"
"369 Tarkiln Hill St. ","Kent, OH 44240"
"85 Bay Dr. ","Wyoming, MI 49509"
"8 Campfire St. ","Oak Lawn, IL 60453"
"601 William Dr. ","Graham, NC 27253"
"8533 Glenwood Dr. ","Bergenfield, NJ 07621"
"931 Laurel St. ","Westfield, MA 01085"
"9418 Kirkland Street ","Montgomery Village, MD 20886"
"7719 Indian Summer St. ","Mount Prospect, IL 60056"
"5 East Longfellow Street ","Bristol, CT 06010"
"8162 West Wagon Street ","Jamaica Plain, MA 02130"
"22 West Second Road ","Appleton, WI 54911"
"8596 Maiden Court ","Saint Augustine, FL 32084"
"7119 Sunnyslope St. ","Glendora, CA 91740"
"362 Rosewood St. ","Munster, IN 46321"
"40 Lawrence Ave. ","Wasilla, AK 99654"
"697 E. Joy Ridge St. ","Dracut, MA 01826"
"9743 Woodside Street ","Muskego, WI 53150"
"9 S. Andover Court ","Madisonville, KY 42431"
"34 Country Club Rd. ","Dacula, GA 30019"
"77 Brewery Avenue ","Reidsville, NC 27320"
"235 Olive Street ","Orchard Park, NY 14127"
"302 East Kent Ave. ","Brookline, MA 02446"
"8136 Stillwater Court ","Lynn, MA 01902"
"9 Buckingham St. ","Fort Mill, SC 29708"
"395 Santa Clara Drive ","Powell, TN 37849"
"945 Overlook Ave. ","Lilburn, GA 30047"
"9195 Union Ave. ","Caldwell, NJ 07006"
"583 Manhattan Dr. ","Cranford, NJ 07016"
"852 N. Riverside St. ","Lapeer, MI 48446"
"7012 Roehampton Street ","Cantonment, FL 32533"
"673 Hall Lane ","Flowery Branch, GA 30542"
"90 Park St. ","Whitestone, NY 11357"
"9065 Pierce Street ","Hampton, VA 23666"
"9196 Aspen Drive ","Henderson, KY 42420"
"8450 2nd Street ","Waukegan, IL 60085"
"27 3rd St. ","Brooklyn, NY 11201"
"704 Princeton Street ","Niagara Falls, NY 14304"
"533 E. Henry Smith St. ","Chelmsford, MA 01824"
"23 Lakeview Court ","Dubuque, IA 52001"
"50 Manchester Drive ","Lincolnton, NC 28092"
"3 E. Gregory St. ","Pueblo, CO 81001"
"25 S. Beach Lane ","Garner, NC 27529"
"7925 Grant Rd. ","Tampa, FL 33604"
"142 Sage Court ","Waterbury, CT 06705"
"7518 Peg Shop Court ","Orlando, FL 32806"
"9265 Trenton Street ","Rockford, MI 49341"
"696 Selby Ave. ","Port Richey, FL 34668"
"2 Spruce Drive ","Alexandria, VA 22304"
"560 Helen Lane ","Oak Forest, IL 60452"
"7400 Edgewater Ave. ","Statesville, NC 28625"
"241 Sussex Street ","Valparaiso, IN 46383"
"9510 1st Rd. ","San Jose, CA 95127"
"429 Chapel Rd. ","Depew, NY 14043"
"7551 George St. ","Severn, MD 21144"
"752 South Philmont Dr. ","West Orange, NJ 07052"
"212 W. Chapel St. ","Torrington, CT 06790"
"9634 Strawberry Drive ","Petersburg, VA 23803"
"659 SW. University Rd. ","Land O Lakes, FL 34639"
"2 Sugar Road ","Oshkosh, WI 54901"
"464 Pin Oak Ave. ","Worcester, MA 01604"
"25 Talbot Lane ","Silver Spring, MD 20901"
"242 Ramblewood St. ","Frederick, MD 21701"
"5 Oak Valley Dr. ","Cranberry Twp, PA 16066"
"55 Smith Store Street ","Elizabethton, TN 37643"
"922 SW. Lawrence Ave. ","Algonquin, IL 60102"
"7799 W. Poor House St. ","Ridgewood, NJ 07450"
"9001 Old High Lane ","Summerfield, FL 34491"
"4 Lilac Dr. ","Clinton Township, MI 48035"
"146 Fairview Street ","Murrells Inlet, SC 29576"
"9915 Pierce Dr. ","Cocoa, FL 32927"
"30 Greenview Ave. ","Rocklin, CA 95677"
"7469 East Gainsway St. ","Peoria, IL 61604"
"7 Devon Rd. ","Feasterville Trevose, PA 19053"
"3 Tunnel Street ","Hopkins, MN 55343"
"56 Prince Lane ","Smyrna, GA 30080"
"794 Strawberry St. ","Pickerington, OH 43147"
"9 Squaw Creek Street ","Englishtown, NJ 07726"
"394 Shady St. ","Middle Village, NY 11379"
"240 Summerhouse St. ","Port Charlotte, FL 33952"
"104 Roosevelt Ave. ","Winona, MN 55987"
"390 S. Alton Street ","Hermitage, TN 37076"
"649 West Lawrence Street ","Hopkinsville, KY 42240"
"637 Marconi Court ","Warminster, PA 18974"
"24 John Dr. ","Gurnee, IL 60031"
"444 Evergreen Dr. ","Westford, MA 01886"
"7737 NE. Addison Lane ","Tacoma, WA 98444"
"83 NE. Theatre Road ","Toledo, OH 43612"
"613 Longfellow Lane ","Tonawanda, NY 14150"
"912 Linda Street ","Newnan, GA 30263"
"9 Gates Lane ","Clifton, NJ 07011"
"17 Virginia Street ","Hillsboro, OR 97124"
"9834 Young Court ","Lemont, IL 60439"
"8083 Surrey St. ","San Antonio, TX 78213"
"7558 North Westport St. ","Essex, MD 21221"
"9970 Birchwood Street ","Ravenna, OH 44266"
"64 Prince Court ","Marlton, NJ 08053"
"320 S. Greenview Dr. ","Independence, KY 41051"
"39 Livingston Lane ","Chattanooga, TN 37421"
"17 Cambridge Road ","New Rochelle, NY 10801"
"7576 North Arcadia St. ","Floral Park, NY 11001"
"7559 Pine Drive ","Fort Lee, NJ 07024"
"179 Snake Hill St. ","Woonsocket, RI 02895"
"791 Glendale Dr. ","Mays Landing, NJ 08330"
"623 Lawrence Street ","Hartselle, AL 35640"
"8204 Madison Lane ","Plainview, NY 11803"
"7501 Winchester Street ","Mechanicsburg, PA 17050"
"102 N. Prince St. ","Taunton, MA 02780"
"833 W. San Carlos St. ","Royal Oak, MI 48067"
"7557 Iroquois Lane ","Los Angeles, CA 90008"
"60 NE. Foxrun Road ","Oviedo, FL 32765"
"903 West San Juan St. ","Stuart, FL 34997"
"761 Spring St. ","Perkasie, PA 18944"
"62 Bedford Ave. ","South Lyon, MI 48178"
"9294 Hickory Rd. ","Collegeville, PA 19426"
"79 S. Ashley Street ","Green Cove Springs, FL 32043"
"361 Green Lake Rd. ","Romulus, MI 48174"
"691 Golden Star  Court ","Muscatine, IA 52761"
"8218 John St. ","Piqua, OH 45356"
"8039 Amherst Dr. ","Meadville, PA 16335"
"271 Kent Lane ","Harvey, IL 60426"
"8419 Main Ave. ","Annapolis, MD 21401"
"8469 Marvon Rd. ","Yorktown Heights, NY 10598"
"848 Brickell Ave. ","Lincoln, NE 68506"
"9 Primrose Dr. ","Elgin, IL 60120"
"962 Broad Road ","Bartlett, IL 60103"
"48 Poplar Court ","Gallatin, TN 37066"
"8426 East Joy Ridge St. ","North Miami Beach, FL 33160"
"978 Fairfield Street ","Richmond, VA 23223"
"389 Devon Drive ","Elkhart, IN 46514"
"7755 East Richardson Lane ","The Villages, FL 32162"
"619 Oak Valley Lane ","Battle Ground, WA 98604"
"1 Studebaker Ave. ","Decatur, GA 30030"
"7625 N. Hartford Road ","Canyon Country, CA 91387"
"714 Evergreen St. ","Merrimack, NH 03054"
"9947 Gainsway Drive ","Davison, MI 48423"
"662 Ridge St. ","West Lafayette, IN 47906"
"528 Indian Summer St. ","Apple Valley, CA 92307"
"626 Baker Street ","Athens, GA 30605"
"307 Trenton St. ","Cranston, RI 02920"
"92 Sherman St. ","Plattsburgh, NY 12901"
"59 West Monroe Drive ","Hialeah, FL 33010"
"710 John St. ","Hartsville, SC 29550"
"45 Peachtree St. ","Toms River, NJ 08753"
"7 Pheasant Ave. ","Kennewick, WA 99337"
"544 King Dr. ","Arlington, MA 02474"
"7 Glen Creek Road ","Bel Air, MD 21014"
"19 St Paul Ave. ","Daphne, AL 36526"
"9327 La Sierra Drive ","Nottingham, MD 21236"
"9 Galvin Dr. ","Lake Mary, FL 32746"
"55 Wayne Ave. ","Hernando, MS 38632"
"33 Oklahoma St. ","Minot, ND 58701"
"350 NE. Warren Drive ","Aberdeen, SD 57401"
"9912 South Street ","Simpsonville, SC 29680"
"7251 Cactus Lane ","York, PA 17402"
"42 West Trout Ave. ","Indiana, PA 15701"
"481 Randall Mill Street ","Willingboro, NJ 08046"
"59 South Glenlake St. ","Glasgow, KY 42141"
"17 Lees Creek St. ","Amarillo, TX 79106"
"156 Littleton St. ","Lewis Center, OH 43035"
"8641 Foxrun St. ","Gaithersburg, MD 20877"
"566 SE. Green Hill Dr. ","Palm Harbor, FL 34683"
"8090 Aspen Ave. ","West Deptford, NJ 08096"
"179 Charles Ave. ","Elk River, MN 55330"
"7937 Sunbeam St. ","Leesburg, VA 20175"
"89 Church Ave. ","Point Pleasant Beach, NJ 08742"
"24 E. Meadow St. ","Monsey, NY 10952"
"8609 Leatherwood Ave. ","East Stroudsburg, PA 18301"
"789 Peg Shop Ave. ","Janesville, WI 53546"
"3 Euclid Lane ","New Bedford, MA 02740"
"14 Iroquois Street ","New Philadelphia, OH 44663"
"48 Kirkland St. ","Clifton Park, NY 12065"
"358 Howard Road ","Drexel Hill, PA 19026"
"23 West Hilltop Street ","Camas, WA 98607"
"8559 W. Joy Ridge Ave. ","Bayonne, NJ 07002"
"863 Gainsway St. ","Littleton, CO 80123"
"4 Carriage Dr. ","Clayton, NC 27520"
"586 East Young Ave. ","Capitol Heights, MD 20743"
"7925 Hillcrest Road ","Reading, MA 01867"
"9106 Gulf Street ","Oxford, MS 38655"
"344 Garfield Lane ","Thibodaux, LA 70301"
"7616 St Louis St. ","Flemington, NJ 08822"
"24 Sunnyslope Street ","Waxhaw, NC 28173"
"6 Ridgeview Ave. ","Carpentersville, IL 60110"
"331 Woodside Court ","Burnsville, MN 55337"
"38 Cedarwood Lane ","Hempstead, NY 11550"
"38 Longbranch Street ","Flushing, NY 11354"
"156 Dogwood Dr. ","Little Falls, NJ 07424"
"762 Fifth Ave. ","Yuma, AZ 85365"
"7494 Fairfield Dr. ","Memphis, TN 38106"
"5 Leeton Ridge Street ","Billerica, MA 01821"
"42 East Selby Drive ","Adrian, MI 49221"
"8536 Longbranch Ave. ","Park Ridge, IL 60068"
"32 Bradford Drive ","Acworth, GA 30101"
"8820 Bald Hill Ave. ","Bethpage, NY 11714"
"827 Pierce Road ","Holyoke, MA 01040"
"9128 Devon St. ","Brownsburg, IN 46112"
"906 Old Brickyard Street ","Port Saint Lucie, FL 34952"
"842 Talbot Drive ","South El Monte, CA 91733"
"8964 East James Lane ","Mocksville, NC 27028"
"345 Center Street ","Wyandotte, MI 48192"
"894 Santa Clara Street ","North Augusta, SC 29841"
"480 Swanson St. ","Cockeysville, MD 21030"
"980 Summerhouse Ave. ","Newport News, VA 23601"
"444 Roosevelt Lane ","Fort Wayne, IN 46804"
"49 Franklin St. ","Santa Cruz, CA 95060"
"346 Bay St. ","Pompano Beach, FL 33060"
"8 Glenwood Street ","Knoxville, TN 37918"
"22 West Kirkland Dr. ","Huntley, IL 60142"
"7258 Cottage Lane ","Allison Park, PA 15101"
"524 Washington Court ","Altoona, PA 16601"
"7655 Evergreen Drive ","Warner Robins, GA 31088"
"321 Bear Hill Ave. ","Deer Park, NY 11729"
"7273 Clay St. ","Fishers, IN 46037"
"17 Clark Court ","Menasha, WI 54952"
"933 S. Vale Ave. ","Canton, GA 30114"
"37 Sherman St. ","Pittsfield, MA 01201"
"8909 Military Road ","Springboro, OH 45066"
"7007 Orchard Court ","Waynesboro, PA 17268"
"19 N. Southampton St. ","Winston Salem, NC 27103"
"9152 Hall St. ","Covington, GA 30014"
"69 W. Lookout Ave. ","New Britain, CT 06051"
"29 Somerset St. ","Ridgecrest, CA 93555"
"22 Foxrun Dr. ","Milwaukee, WI 53204"
"9922 S. Pawnee St. ","Bay Shore, NY 11706"
"1 Oak Meadow Street ","Uniontown, PA 15401"
"26 N. Indian Summer Street ","Lady Lake, FL 32159"
"36 Newcastle Dr. ","Nampa, ID 83651"
"9675 N. University St. ","Wallingford, CT 06492"
"93 Devon St. ","Rego Park, NY 11374"
"8813 Gainsway Dr. ","Gulfport, MS 39503"
"4 North Catherine Rd. ","Plainfield, NJ 07060"
"4 Highland St. ","Jackson, NJ 08527"
"18 Westminster Street ","Pittsburgh, PA 15206"
"8114 Princess Ave. ","Wenatchee, WA 98801"
"42 Coffee Court ","Long Branch, NJ 07740"
"7640 Mill Pond Drive ","Oklahoma City, OK 73112"
"8509 N. Sage Rd. ","Hamilton, OH 45011"
"3 Henry Rd. ","Severna Park, MD 21146"
"9982 School Street ","Lititz, PA 17543"
"793 N. Hawthorne St. ","Prattville, AL 36067"
"86 North Mountainview Court ","Monroe, NY 10950"
"8245 E. Woodsman Rd. ","Johnson City, TN 37601"
"8870 Shipley St. ","Cleveland, TN 37312"
"741 North San Pablo Drive ","Dickson, TN 37055"
"550 Airport St. ","Lacey, WA 98503"
"9255 Sierra St. ","Westport, CT 06880"
"57 Lake View Lane ","Woodhaven, NY 11421"
"607 Wentworth Street ","Tewksbury, MA 01876"
"80 Carson Ave. ","Dover, NH 03820"
"57 Second Rd. ","Charlotte, NC 28205"
"53 North Wentworth Dr. ","Stamford, CT 06902"
"7963 West Hilldale Street ","Mishawaka, IN 46544"
"69 Westminster Lane ","Granger, IN 46530"
"4 West Lawrence Dr. ","Saint Paul, MN 55104"
"9179 Glen Ridge St. ","Wake Forest, NC 27587"
"7348 Studebaker Ave. ","Helotes, TX 78023"
"20 Illinois Dr. ","Astoria, NY 11102"
"41 E. Baker St. ","El Paso, TX 79930"
"41 Jones St. ","Fredericksburg, VA 22405"
"968 Oak Avenue ","Tucker, GA 30084"
"164 E. Cottage Avenue ","Leominster, MA 01453"
"899 S. Thompson Court ","Garland, TX 75043"
"94 South Schoolhouse Street ","Gibsonia, PA 15044"
"89 Richardson Ave. ","Newton, NJ 07860"
"8 Park Lane ","Chicago, IL 60621"
"284 South Cypress St. ","Titusville, FL 32780"
"990 Riverview Court ","Elizabeth City, NC 27909"
"838 Woodland Ave. ","Chippewa Falls, WI 54729"
"778 Mountainview St. ","Campbell, CA 95008"
"5 Ridge Ave. ","Greenwood, SC 29646"
"9583 South Illinois St. ","Buford, GA 30518"
"493 Cooper Drive ","Sandusky, OH 44870"
"15 W. Durham Dr. ","Gainesville, VA 20155"
"967 John Lane ","Mankato, MN 56001"
"29 Shady Ave. ","East Hartford, CT 06118"
"6 South William St. ","Boston, MA 02127"
"322 Brewery St. ","Biloxi, MS 39532"
"7124 North Winding Way Dr. ","Palos Verdes Peninsula, CA 90274"
"56 Sheffield Ave. ","Downers Grove, IL 60515"
"818 College Road ","Hattiesburg, MS 39401"
"28 West Applegate St. ","Grosse Pointe, MI 48236"
"409 Paris Hill Court ","Arlington Heights, IL 60004"
"34 West Leatherwood St. ","Newington, CT 06111"
"67 Columbia Court ","Fairborn, OH 45324"
"5 Second Ave. ","Palm Bay, FL 32907"
"798 South Old York Dr. ","Amsterdam, NY 12010"
"9 S. Lookout St. ","Waukesha, WI 53186"
"8905 North Alderwood Ave. ","Norman, OK 73072"
"387 S. Riverview Drive ","Pelham, AL 35124"
"9143 Roehampton Street ","Corona, NY 11368"
"912 Fifth Street ","Bowling Green, KY 42101"
"9962 Bald Hill Ave. ","Massapequa, NY 11758"
"9988 Yukon Street ","Marquette, MI 49855"
"74 Armstrong Drive ","Jonesborough, TN 37659"
"871 Sussex Dr. ","Kokomo, IN 46901"
"29 Ridgeview St. ","Suite C ","Crown Point, IN 46307"
"7369A Wild Rose Court ","Mount Laurel, NJ 08054"
"45 W. Fulton Court ","Norcross, GA 30092"
"226 Meadowbrook Lane ","Cordova, TN 38016"
"7107 Fairview Dr. ","Delray Beach, FL 33445"
"616 Homewood St. ","Winder, GA 30680"
"7049 Cedarwood Avenue ","Greenville, NC 27834"
"1 Carson Drive ","Ann Arbor, MI 48103"
"8458 Lexington Dr. ","Fort Worth, TX 76110"
"963 Beechwood Drive ","Emporia, KS 66801"
"16 Garden St. ","Streamwood, IL 60107"
"58 Thatcher St. ","Roanoke Rapids, NC 27870"
"2 San Juan St. ","Savannah, GA 31404"
"8575 East Greenrose Lane ","Pomona, CA 91768"
"9 Woodsman Dr. ","San Pablo, CA 94806"
"7171 Pennington St. ","Olympia, WA 98512"
"51 Union St. ","Voorhees, NJ 08043"
"8925 Purple Finch St. ","Prior Lake, MN 55372"
"867 Rockland Drive ","Montgomery, AL 36109"
"451 Hilltop Street ","Upper Marlboro, MD 20772"
"14 Penn Ave. ","Brockton, MA 02301"
"768 Hilltop St. ","Kenosha, WI 53140"
"99 Gulf Dr. ","Perth Amboy, NJ 08861"
"8372 Railroad Drive ","Cincinnati, OH 45211"
"88 William Dr. ","Paramus, NJ 07652"
"7578 East Winchester St. ","Clearwater, FL 33756"
"5 St Margarets Ave. ","Atlantic City, NJ 08401"
"74 South Kingston St. ","District Heights, MD 20747"
"78 Albany Drive ","Franklin, MA 02038"
"42 Baker Ave. ","Marietta, GA 30008"
"68 Summit Circle ","Latrobe, PA 15650"
"8576 Laurel Rd. ","New Orleans, LA 70115"
"12 Highland Dr. ","Port Chester, NY 10573"
"9017 North Rockcrest Street ","Herndon, VA 20170"
"8392 Fairway Drive ","West Chester, PA 19380"
"831 Magnolia Ave. ","Vernon Rockville, CT 06066"
"370 Lakeshore Drive ","New Baltimore, MI 48047"
"7572 West Hartford St. ","Woodside, NY 11377"
"41 Amherst Road ","Lake Charles, LA 70605"
"9209 Adams St. ","Bronx, NY 10451"
"176 E. Strawberry Street ","Shelbyville, TN 37160"
"54 Green Circle ","Kansas City, MO 64151"
"783 Young Street ","Trumbull, CT 06611"
"8223 Randall Mill Street ","Ashtabula, OH 44004"
"8532 Wrangler Rd. ","Harrison Township, MI 48045"
"556 Locust Dr. ","Orland Park, IL 60462"
"7411 Wood Drive ","Bridgewater, NJ 08807"
"9430 Willow Rd. ","Reisterstown, MD 21136"
"8457 Logan St. ","Greenfield, IN 46140"
"8953 Primrose Dr. ","Providence, RI 02904"
"271 Winchester St. ","Stockbridge, GA 30281"
"85 Walnutwood Dr. ","Lawrenceville, GA 30043"
"37 Wild Rose Street ","Asheville, NC 28803"
"8 Silver Spear Road ","Egg Harbor Township, NJ 08234"
"719 Snake Hill Ave. ","Roslindale, MA 02131"
"19 Grant Ave. ","Nazareth, PA 18064"
"707 Gartner Ave. ","Bismarck, ND 58501"
"863 Walnut Street ","New Albany, IN 47150"
"9384 Parker Rd. ","Amityville, NY 11701"
"8850 North Cobblestone St. ","Hamden, CT 06514"
"24 Market Drive ","Glenside, PA 19038"
"409 Forest Rd. ","Millville, NJ 08332"
"62 Swanson Court ","Vernon Hills, IL 60061"
"15 Peninsula St. ","Neptune, NJ 07753"
"231 Bohemia Street ","Kaukauna, WI 54130"
"303 Maple Avenue ","Glen Allen, VA 23059"
"9364 North Lafayette Road ","Holly Springs, NC 27540"
"52 S. Nichols Ave. ","Langhorne, PA 19047"
"338 Mechanic Ave. ","Glendale, AZ 85302"
"682 Eagle Avenue ","Alabaster, AL 35007"
"857 Silver Spear Drive ","Upper Darby, PA 19082"
"9227 Green Lake Court ","Abingdon, MD 21009"
"405 East Forest Drive ","Princeton, NJ 08540"
"8317 Big Rock Cove Street ","Hobart, IN 46342"
"236 Shady Avenue ","Austin, MN 55912"
"448 University Lane ","West Warwick, RI 02893"
"9156 East Arch St. ","Ossining, NY 10562"
"435 Indian Spring Street ","Georgetown, SC 29440"
"956 New Saddle Road ","Coventry, RI 02816"
"30 Philmont Street ","North Attleboro, MA 02760"
"931 Howard Court ","Bay City, MI 48706"
"4 Marvon St. ","Chesterton, IN 46304"
"286 Beach Lane ","Johnston, RI 02919"
"155 South Brookside Street ","Newtown, PA 18940"
"296 Elm Ave. ","Ada, OK 74820"
"9282 South Blue Spring Dr. ","West Des Moines, IA 50265"
"9389 South New St. ","Summerville, SC 29483"
"92 Glenwood Lane ","Grove City, OH 43123"
"1 Tailwater St. ","Victoria, TX 77904"
"8356 Pawnee St. ","Westlake, OH 44145"
"8366 Windfall St. ","Ames, IA 50010"
"9767 Goldfield Ave. ","Catonsville, MD 21228"
"9227 N. Franklin St. ","Pikesville, MD 21208"
"448 Wagon Street ","West Palm Beach, FL 33404"
"9836 Rosewood St. ","Rosedale, NY 11422"
"920 Sherman St. ","Randallstown, MD 21133"
"782 North Valley Farms St. ","Trenton, NJ 08610"
"10 Griffin Drive ","Newark, NJ 07103"
"685 Belmont Ave. ","Orange, NJ 07050"
"243 Rose Drive ","Bear, DE 19701"
"52 East Blue Spring Dr. ","Galloway, OH 43119"
"47 College St. ","Mount Vernon, NY 10550"
"48 Glen Eagles Ave. ","Lake Villa, IL 60046"
"4 Mulberry Drive ","El Dorado, AR 71730"
"735 Cherry Hill Dr. ","Falls Church, VA 22041"
"7206 Mayfield Drive ","Lakeland, FL 33801"
"239 Longfellow Ave. ","Morgantown, WV 26508"
"7617 Victoria Rd. ","Lansdale, PA 19446"
"7363 3rd Street ","Portage, IN 46368"
"50 E. Spruce Dr. ","Sun City, AZ 85351"
"93 High Noon Rd. ","Jenison, MI 49428"
"857 Linden St. ","Lawndale, CA 90260"
"52 Berkshire St. ","Chardon, OH 44024"
"646 S. Mayfield Street ","Ringgold, GA 30736"
"920 Washington St. ","Ottawa, IL 61350"
"7635 Wellington Drive ","Glastonbury, CT 06033"
"704 W. St Louis Street ","Jackson Heights, NY 11372"
"8096 Pearl St. ","Eugene, OR 97402"
"9921 North North Rd. ","Forney, TX 75126"
"969 Cedar Swamp Street ","Hickory, NC 28601"
"253 South Manchester Drive ","Wisconsin Rapids, WI 54494"
"67 Oakland Street ","Mooresville, NC 28115"
"75 Buckingham Circle ","Unit 7 ","Grandville, MI 49418"
"314 Greenrose Drive ","West New York, NJ 07093"
"7075 Helen Ave. ","Saint Joseph, MI 49085"
"92 East Country Street ","De Pere, WI 54115"
"39 Heritage Drive ","Duluth, GA 30096"
"38 Essex Lane ","North Bergen, NJ 07047"
"53 East Briarwood Lane ","Fernandina Beach, FL 32034"
"340 Brookside Drive ","La Vergne, TN 37086"
"35 William St. ","Osseo, MN 55311"
"9339 Grand St. ","Cedar Falls, IA 50613"
"610 W. 6th Lane ","Temple Hills, MD 20748"
"9866 Glenwood St. ","Dalton, GA 30721"
"1 Tailwater St. ","Henrico, VA 23228"
"982 Theatre St. ","Onalaska, WI 54650"
"233 Corona Lane ","Smithtown, NY 11787"
"8854 Lakeview Street ","Palm Coast, FL 32137"
"761 Eagle Ave. ","Carrollton, GA 30117"
"9700 King Street ","Mcminnville, TN 37110"
"9688 Third Dr. ","Snohomish, WA 98290"
"19 Ocean Drive ","Lansdowne, PA 19050"
"15 St Louis Lane ","King Of Prussia, PA 19406"
"42 Circle Avenue ","Auburndale, FL 33823"
"63 Illinois St. ","Bloomington, IN 47401"
"26 Longbranch St. ","Cary, NC 27511"
"503 Wentworth Ave. ","Cherry Hill, NJ 08003"
"80 Buttonwood Street ","Eastlake, OH 44095"
"45 Riverview Drive ","Anoka, MN 55303"
"634 Manor Court ","Harlingen, TX 78552"
"957 Spring St. ","Lakeville, MN 55044"
"9941 Courtland Ave. ","Neenah, WI 54956"
"770 Bow Ridge Lane ","Haines City, FL 33844"
"2 Prairie Lane ","Braintree, MA 02184"
"197 Berkshire St. ","Grand Blanc, MI 48439"
"71 Walnutwood St. ","Randolph, MA 02368"
"70 La Sierra Street ","Apex, NC 27502"
"448 Morris Street ","Marshfield, WI 54449"
"81 53rd St. ","Dallas, GA 30132"
"29 Orange Drive ","Middle River, MD 21220"
"120 Redwood Street ","Bedford, OH 44146"
"9994 Augusta Avenue ","Berwyn, IL 60402"
"58 Corona Street ","Roanoke, VA 24012"
"103 Middle River Drive ","Indian Trail, NC 28079"
"887 Homewood Street ","Norwich, CT 06360"
"19 Squaw Creek Drive ","Goodlettsville, TN 37072"
"20 Madison Street ","Rome, NY 13440"
"42 Garden St. ","Waldorf, MD 20601"
"995 Paris Hill St. ","West Islip, NY 11795"
"375 1st Drive ","Franklin Square, NY 11010"
"46 Glen Ridge St. ","Lewiston, ME 04240"
"934 South El Dorado Lane ","Warwick, RI 02886"
"9437 N. Galvin St. ","Rahway, NJ 07065"
"9931 Mechanic Street ","Grand Forks, ND 58201"
"46 Squaw Creek St. ","Shakopee, MN 55379"
"8029 Gainsway St. ","Madison, AL 35758"
"8806 Williams Dr. ","Duarte, CA 91010"
"8318 Studebaker Street ","Strongsville, OH 44136"
"7250 N. Rockcrest Avenue ","East Elmhurst, NY 11369"
"355 Main Street ","Colorado Springs, CO 80911"
"373 Primrose St. ","Sanford, NC 27330"
"42 Warren Drive ","Brainerd, MN 56401"
"9552 Academy Ave. ","Southgate, MI 48195"
"8607 Deerfield Avenue ","Reynoldsburg, OH 43068"
"158 North Beechwood Road ","Loxahatchee, FL 33470"
"8292 Fieldstone Drive ","Ronkonkoma, NY 11779"
"54 West Fulton St. ","Dorchester, MA 02125"
"684 Broad Ave. ","Bakersfield, CA 93306"
"7682 Pumpkin Hill Ave. ","Windsor Mill, MD 21244"
"2 Manor Station Dr. ","Glendale Heights, IL 60139"
"7022 Lincoln Rd. ","Brunswick, GA 31525"
"95 Ashley St. ","Savage, MN 55378"
"7294 N. Saxton St. ","Garfield, NJ 07026"
"77 S. Poplar Avenue ","Bardstown, KY 40004"
"8111 William St. ","Harleysville, PA 19438"
"112 Berkshire Drive ","Saint Albans, NY 11412"
"55 Bear Hill Drive ","Westbury, NY 11590"
"745 Kirkland Street ","Murfreesboro, TN 37128"
"7239 Pine Street ","Boca Raton, FL 33428"
"38 Military Court ","Oconomowoc, WI 53066"
"10 Pennington St. ","Harrisburg, PA 17109"
"791 Wrangler Avenue ","Durham, NC 27703"
"22 Honey Creek Street ","Monroeville, PA 15146"
"725 North Marlborough St. ","Bridgeport, CT 06606"
"7287 Jefferson Ave. ","Antioch, TN 37013"
"90 Strawberry Drive ","Jacksonville, NC 28540"
"7580 Monroe Dr. ","Fond Du Lac, WI 54935"
"14 Old York Drive ","Wheaton, IL 60187"
"7090 West Crescent Avenue ","Tullahoma, TN 37388"
"9259 North Wellington Rd. ","Mesa, AZ 85203"
"67 Henry Smith St. ","Youngstown, OH 44512"
"20 Virginia Street ","Bristow, VA 20136"
"8183 School Court ","Chelsea, MA 02150"
"7470 East Elizabeth Dr. ","Oak Creek, WI 53154"
"78 Howard Avenue ","Sebastian, FL 32958"
"632 Coffee Lane ","Royersford, PA 19468"
"6 West Mayfield Rd. ","Stroudsburg, PA 18360"
"568 Oxford St. ","Hackettstown, NJ 07840"
"3 Elm Lane ","Derry, NH 03038"
"17 Hartford Drive ","Corpus Christi, TX 78418"
"325 Edgewater Rd. ","Batavia, OH 45103"
"269 Lake Drive ","Sykesville, MD 21784"
"412 Brown Ave. ","Highland Park, IL 60035"
"5 Cypress Dr. ","Spring Hill, FL 34608"
"7 Pumpkin Hill Ave. ","Camp Hill, PA 17011"
"1 Lawrence Ave. ","Stratford, CT 06614"
"1 Rocky River Drive ","Buffalo, NY 14215"
"315 Helen St. ","Matawan, NJ 07747"
"8879 Marsh Street ","Tuckerton, NJ 08087"
"835 Inverness Ave. ","Saint Cloud, MN 56301"
"303 Holly Ave. ","Evansville, IN 47711"
"7210 Vermont Street ","Old Bridge, NJ 08857"
"66 South Ryan St. ","Clementon, NJ 08021"
"72 Homestead Street ","Trussville, AL 35173"
"8 Redwood St. ","Cumberland, RI 02864"
"96 South Argyle St. ","Muskegon, MI 49441"
"1 N. Cross Street ","Frankfort, KY 40601"
"7647 Hudson Ave. ","Lagrange, GA 30240"
"8191 Clay Rd. ","Chillicothe, OH 45601"
"9953 Riverside Road ","Cape Coral, FL 33904"
"343 Oklahoma St. ","Sacramento, CA 95820"
"198 Blue Spring Drive ","Jeffersonville, IN 47130"
"211 North Myrtle Court ","Burke, VA 22015"
"8512 Hanover Avenue ","Carmel, NY 10512"
"761 Fairground Drive ","Clarkston, MI 48348"
"659 Del Monte Ave. ","Andover, MA 01810"
"625 Addison Road ","Houston, TX 77016"
"8909 Greystone St. ","Waterloo, IA 50701"
"21 N. Court Court ","Mansfield, MA 02048"
"570 Studebaker Court ","Lockport, NY 14094"
"545 William Drive ","Sun Prairie, WI 53590"
"7908 Schoolhouse St. ","Baldwin, NY 11510"
"9960 3rd Ave. ","Solon, OH 44139"
"703 North St Margarets Drive ","Burbank, IL 60459"
"51 Wood Dr. ","Traverse City, MI 49684"
"9186 Ridgeview Ave. ","Dothan, AL 36301"
"779 Hilltop St. ","Bridgeton, NJ 08302"
"9 SE. Rosewood St. ","Hollywood, FL 33020"
"70 Old York Street ","Banning, CA 92220"
"653 Paris Hill Court ","Loveland, OH 45140"
"9431 Riverside Street ","Watertown, MA 02472"
"7710 Center St. ","Reston, VA 20191"
"8822 Glenridge Ave. ","Front Royal, VA 22630"
"25 Durham Ave. ","Rapid City, SD 57701"
"177 Brickyard Ave. ","Elk Grove Village, IL 60007"
"198 Albany Ave. ","Rockaway, NJ 07866"
"417 Franklin Drive ","Coachella, CA 92236"
"879 53rd Court ","Framingham, MA 01701"
"59 Snake Hill St. ","Park Forest, IL 60466"
"178 White Drive ","West Haven, CT 06516"
"9156 San Juan Court ","South Bend, IN 46614"
"879 Lees Creek Drive ","Mason City, IA 50401"
"476 Glen Creek Rd. ","Salt Lake City, UT 84119"
"61 Jennings St. ","Wadsworth, OH 44281"
"67 Lincoln St. ","Quincy, MA 02169"
"1 North Cardinal St. ","South Windsor, CT 06074"
"17 Fremont Drive ","Dundalk, MD 21222"
"33 Manchester Street ","Sugar Land, TX 77478"
"7665 Oklahoma St. ","Schererville, IN 46375"
"349 Windsor Street ","Pewaukee, WI 53072"
"579 York St. ","Washington, PA 15301"
"410 Vine St. ","Aliquippa, PA 15001"
"431 Ocean Drive ","Fairfield, CT 06824"
"290 Southampton Rd. ","Ormond Beach, FL 32174"
"476 E. Jennings Dr. ","Menomonee Falls, WI 53051"
"7842 Wintergreen St. ","Eden Prairie, MN 55347"
"90 N. Smoky Hollow Rd. ","Dearborn, MI 48124"
"3 Forest Drive ","Syosset, NY 11791"
"781 Third Dr. ","Crofton, MD 21114"
"27 Longfellow Street ","Bethesda, MD 20814"
"63 S. Surrey St. ","Warren, MI 48089"
"916 San Pablo Ave. ","Hendersonville, NC 28792"
"68 W. Shadow Brook Dr. ","Baltimore, MD 21206"
"9845 E. Glen Eagles Ave. ","New Hyde Park, NY 11040"
"7607 Garden St. ","Morristown, NJ 07960"
"9135 West Rosewood Drive ","Vincentown, NJ 08088"
"7174 Briarwood St. ","Owensboro, KY 42301"
"196 Peg Shop Road ","Nashville, TN 37205"
"8849 Rockaway Dr. ","Parkersburg, WV 26101"
"72 Tanglewood Ave. ","Lincoln Park, MI 48146"
"715 Golden Star  Lane ","Des Moines, IA 50310"
"8890 Roosevelt Rd. ","East Haven, CT 06512"
"50 East Fremont Street ","Taylors, SC 29687"
"211 N. Catherine Ave. ","Xenia, OH 45385"
"7307 NE. Locust Lane ","Stone Mountain, GA 30083"
"775 Courtland Road ","Londonderry, NH 03053"
"69 Wild Rose Ave. ","Mundelein, IL 60060"
"7985 Young St. ","Naples, FL 34116"
"592 1st Ave. ","Winchester, VA 22601"
"14 Mayflower Street ","Union, NJ 07083"
"41 Sherwood Lane ","Hightstown, NJ 08520"
"8999 Lilac St. ","Baton Rouge, LA 70806"
"8793 Lafayette St. ","Venice, FL 34293"
"99 Harrison Ave. ","Garden City, NY 11530"
"7865 Summerhouse Dr. ","Danville, VA 24540"
"144 Golf Dr. ","Findlay, OH 45840"
"39 Olive Street ","Rocky Mount, NC 27804"
"9989 Mechanic Lane ","Lawrence Township, NJ 08648"
"91 Sussex Street ","Greer, SC 29650"
"8609 NW. Lake View Ave. ","Ashburn, VA 20147"
"85 Country Club Street ","Round Lake, IL 60073"
"37 Gainsway Rd. ","Alpharetta, GA 30004"
"9053 Liberty St. ","Cambridge, MA 02138"
"7698 Middle River St. ","Hyde Park, MA 02136"
"476 Thorne Lane ","Woodbridge, VA 22191"
"367 Center Street ","Deerfield, IL 60015"
"45 Miles Street ","Hammonton, NJ 08037"
"8700 State Ave. ","Raeford, NC 28376"
"7618 Essex St. ","Marshalltown, IA 50158"
"90 Griffin Rd. ","Passaic, NJ 07055"
"9994 Fawn Street ","Nashua, NH 03060"
"15 South Ryan St. ","Gastonia, NC 28052"
"483 Lees Creek Dr. ","Howard Beach, NY 11414"
"9749 Third St. ","Martinsville, VA 24112"
"175 Sleepy Hollow Ave. ","Vineland, NJ 08360"
"9436 Brickyard Road ","Buckeye, AZ 85326"
"79 Pawnee Lane ","Westminster, MD 21157"
"166 Jockey Hollow Dr. ","Port Orange, FL 32127"
"18 Lancaster St. ","State College, PA 16801"
"53 Linda Lane ","Ridgefield, CT 06877"
"813 Main Drive ","Snellville, GA 30039"
"9139 SW. Lancaster Street ","Melrose, MA 02176"
"9 Myers Ave. ","High Point, NC 27265"
"468 Glenwood St. ","Mason, OH 45040"
"359 Illinois Ave. ","Lawrence, MA 01841"
"239 West Henry Smith Ave. ","Aiken, SC 29803"
"979 School St. ","Wellington, FL 33414"
"752 Sussex Street ","Charlottesville, VA 22901"
"647 North Brickyard Street ","Beverly, MA 01915"
"8555 Aspen Road ","San Lorenzo, CA 94580"
"9937 Tarkiln Hill Lane ","Crystal Lake, IL 60014"
"482 Elizabeth Avenue ","Fitchburg, MA 01420"
"48 Morris Dr. ","Bensalem, PA 19020"
"550 Belmont St. ","Palmetto, FL 34221"
"8734 Nicolls Ave. ","Fullerton, CA 92831"
"7754 Queen St. ","Homestead, FL 33030"
"7682 Shady Ave. ","Gettysburg, PA 17325"
"624 North Saxton Street ","Huntsville, AL 35803"
"9440 S. Griffin Lane ","Parkville, MD 21234"
"347 S. Poor House Ave. ","Calumet City, IL 60409"
"649 Wild Horse St. ","Lake In The Hills, IL 60156"
"8930 S. Elmwood Circle ","Wilmington, MA 01887"
"615 Division St. ","Jamaica, NY 11432"
"9088 Bridle Street ","Starkville, MS 39759"
"8817 Main Dr. ","Pembroke Pines, FL 33028"
"518 Baker Court ","Teaneck, NJ 07666"
"76 Leatherwood St. ","Riverside, NJ 08075"
"275 Gonzales Rd. ","Fort Dodge, IA 50501"
"813 Brickell Street ","Stoughton, MA 02072"
"975 Depot Street ","Portsmouth, VA 23703"
"534 Richardson Street ","San Diego, CA 92111"
"19 Fordham Court ","East Orange, NJ 07017"
"440 Amherst Ave. ","Alliance, OH 44601"
"9 Briarwood St. ","Gloucester, MA 01930"
"271 Rockcrest Ave. ","Commack, NY 11725"
"207 Dogwood Ave. ","Terre Haute, IN 47802"
"8245 Marlborough Street ","Natick, MA 01760"
"40 Yukon Street ","Hixson, TN 37343"
"496 Woodside Street ","Grand Haven, MI 49417"
"6 Roehampton Drive ","Sewell, NJ 08080"
"22 East Stonybrook Street ","Detroit, MI 48205"
"257 High Noon Street ","Milford, MA 01757"
"9689 Applegate Court ","Concord, NH 03301"
"89 Helen St. ","Bonita Springs, FL 34135"
"7639 Rockland St. ","Minneapolis, MN 55406"
"27 East Marsh Drive ","Clermont, FL 34711"
"12 Mountainview Drive ","Morton Grove, IL 60053"
"46 San Carlos Road ","Suite 545 ","Superior, WI 54880"
"99 Columbia St. ","Davenport, IA 52804"
"83 South Church Street ","Collierville, TN 38017"
"545 Bow Ridge Court ","Niles, MI 49120"
"761 S. Foster Street ","Lenoir, NC 28645"
"9324 Peg Shop Lane ","Canfield, OH 44406"
"251 Colonial Street ","Ooltewah, TN 37363"
"9767 East Lake Street ","Chesterfield, VA 23832"
"494 Newcastle Road ","East Northport, NY 11731"
"650 Boston Street ","Kernersville, NC 27284"
"519 Grove Drive ","Bozeman, MT 59715"
"603 East Rosewood St. ","Culpeper, VA 22701"
"30 North Longfellow Road ","Livonia, MI 48150"
"79 Myrtle St. ","Beachwood, OH 44122"
"8709 Smoky Hollow St. ","Pittsford, NY 14534"
"82 Lake Ave. ","Cedar Rapids, IA 52402"
"19 Locust Ave. ","New Lenox, IL 60451"
"9001 County Street ","Williamsburg, VA 23185"
"61 Indian Summer St. ","Valdosta, GA 31601"
"776 Carriage St. ","Manahawkin, NJ 08050"
"238 Magnolia Street ","Howell, NJ 07731"
"6 Big Rock Cove St. ","Brentwood, NY 11717"
"7049 Hill Dr. ","Ottumwa, IA 52501"
"19 Rockcrest St. ","Norwalk, CT 06851"
"878 Fawn Ave. ","New Windsor, NY 12553"
"411 Rock Maple St. ","North Royalton, OH 44133"
"460 Walnutwood St. ","Los Banos, CA 93635"
"507 Mayflower Ave. ","Elizabethtown, PA 17022"
"201 N. Heritage Road ","Roseville, MI 48066"
"9893 Old Pheasant Dr. ","Champaign, IL 61821"
"82 Border Dr. ","Avon, IN 46123"
"61 Jockey Hollow Court ","Westerville, OH 43081"
"278 8th Drive ","Cheshire, CT 06410"
"7695 Cedar Ave. ","Seymour, IN 47274"
"879 S. Forest Avenue ","Eastpointe, MI 48021"
"867 George St. ","Urbandale, IA 50322"
"8933 Greenview St. ","Addison, IL 60101"
"16 SW. Manchester Street ","Dyersburg, TN 38024"
"196 Honey Creek Avenue ","Cartersville, GA 30120"
"7457 New Lane ","Malden, MA 02148"
"8002 S. Applegate Ave. ","Cuyahoga Falls, OH 44221"
"405 Birch Hill Drive ","Rockville, MD 20850"
"701 Cherry Hill Street ","Northbrook, IL 60062"
"8641 Rockville Ave. ","Saint Petersburg, FL 33702"
"985 Mountainview Ave. ","Akron, OH 44312"
"147 Fulton Street ","Anchorage, AK 99504"
"166 Peninsula St. ","Lindenhurst, NY 11757"
"7111 Lexington Road ","Enterprise, AL 36330"
"962 Pheasant Ave. ","Maspeth, NY 11378"
"8261 Carriage St. ","Hoboken, NJ 07030"
"278 Magnolia St. ","Holbrook, NY 11741"
"134 Race Drive ","Villa Rica, GA 30180"
"7239 Walt Whitman Street ","Moorhead, MN 56560"
"7240 Lookout Street ","Conyers, GA 30012"
"556 Oak Street ","Easton, PA 18042"
"27 Wild Horse Ave. ","Mahwah, NJ 07430"
"337 Santa Clara St. ","Huntington, NY 11743"
"50 Center Lane ","Greensboro, NC 27405"
"976 Hall Dr. ","Manassas, VA 20109"
"7044 Grandrose Ave. ","Meriden, CT 06450"
"7561 Country Club Ave. ","Seattle, WA 98144"
"244 Highland St. ","Arvada, CO 80003"
"68 East South St. ","Hudson, NH 03051"
"679 Peachtree Street ","Stevens Point, WI 54481"
"9941 Old Randall Mill Ave. ","Manchester Township, NJ 08759"
"63 3rd Ave. ","Lombard, IL 60148"
"8973 8th Drive ","La Crosse, WI 54601"
"55 Garfield Road ","Peabody, MA 01960"
"556 Valley Farms Dr. ","Grayslake, IL 60030"
"894 Oak Lane ","North Ridgeville, OH 44039"
"736 SW. La Sierra Drive ","Springfield Gardens, NY 11413"
"60 Briarwood Dr. ","New Port Richey, FL 34653"
"39 Court St. ","Gwynn Oak, MD 21207"
"451 2nd Street ","Copperas Cove, TX 76522"
"986 Bald Hill Street ","Pataskala, OH 43062"
"7162 San Juan St. ","Winter Park, FL 32792"
"7352 Hall Dr. ","Fresh Meadows, NY 11365"
"127 N. Armstrong Street ","Great Falls, MT 59404"
"18 Oak St. ","Port Jefferson Station, NY 11776"
"916 Center Ave. ","Missoula, MT 59801"
"710 Ramblewood Lane ","Hallandale, FL 33009"
"9776 Prairie Street ","Saratoga Springs, NY 12866"
"19 Tunnel St. ","Lanham, MD 20706"
"121 8th St. ","Southington, CT 06489"
"942 Garden Rd. ","Omaha, NE 68107"
"305 Marlborough Ave. ","Canal Winchester, OH 43110"
"465 Meadow Street ","Saint Louis, MO 63109"
"6 Wall Lane ","Deerfield Beach, FL 33442"
"8413 Big Rock Cove Drive ","Wantagh, NY 11793"
"8726 Redwood Lane ","Miami, FL 33125"
"9742 Durham Street ","Merrick, NY 11566"
"425 Thatcher Drive ","Longview, TX 75604"
"758 Wayne Street ","Fargo, ND 58102"
"7335 Cooper Lane ","Elmhurst, NY 11373"
"7928 Sunnyslope St. ","Camden, NJ 08105"
"97 Piper Street ","Yorktown, VA 23693"
"95 Rockwell Court ","Westwood, NJ 07675"
"375 Wintergreen St. ","Butte, MT 59701"
"603 Trenton Drive ","Inman, SC 29349"
"7 East Walnut St. ","Wilmette, IL 60091"
"639 Charles Lane ","Massillon, OH 44646"
"9149 Valley St. ","Racine, WI 53402"
"27 Harvard Circle ","Long Beach, NY 11561"
"11 Campfire Drive ","Elizabeth, NJ 07202"
"103 Ivy Avenue ","Middleton, WI 53562"
"89 Ridgewood Road ","Irmo, SC 29063"
"5 Wall Street ","Levittown, NY 11756"
"54 Lookout Ave. ","Bethel Park, PA 15102"
"119 Carpenter Rd. ","East Brunswick, NJ 08816"
"7898 Jackson St. ","Navarre, FL 32566"
"819 Campfire Drive ","Danvers, MA 01923"
"355 South Selby Lane ","Elyria, OH 44035"
"383 Golf Lane ","West Chicago, IL 60185"
"718 Gates Street ","Dekalb, IL 60115"
"144 South Sunbeam St. ","Elkton, MD 21921"
"8634 Cherry Street ","Mount Pleasant, SC 29464"
"39 Sherwood St. ","Merrillville, IN 46410"
"38 Birchwood Street ","Bowie, MD 20715"
"56 Trusel Lane ","Sheboygan, WI 53081"
"8839 Church Avenue ","Fall River, MA 02720"
"525 Prospect Road ","Goshen, IN 46526"
"8829 William St. ","Mentor, OH 44060"
"2 East Wood Drive ","Marysville, OH 43040"
"628 Pumpkin Hill Drive ","Rosemount, MN 55068"
"915 Rocky River Drive ","Ephrata, PA 17522"
"9339 Longbranch Lane ","Oakland, CA 94603"
"16 Poor House Ave. ","Selden, NY 11784"
"8953 Longfellow St. ","Evans, GA 30809"
"9977 Lawrence Ave. ","Stafford, VA 22554"
"346 W. Holly Avenue ","Largo, FL 33771"
"40 Pierce Ave. ","Oak Ridge, TN 37830"
"9486 Birch Hill Ave. ","Ozone Park, NY 11417"
"8801 Gartner Street ","Far Rockaway, NY 11691"
"940 Lafayette Lane ","Fairfax, VA 22030"
"523 E. Heritage St. ","Riverview, FL 33569"
"84 North St. ","Blacksburg, VA 24060"
"96 George Drive ","Tupelo, MS 38801"
"48 Hudson Rd. ","South Richmond Hill, NY 11419"
"9602 W. Foxrun St. ","Hopewell Junction, NY 12533"
"841 N. Manor St. ","Thornton, CO 80241"
"408 Summit Lane ","Perrysburg, OH 43551"
"93 Heather St. ","Freehold, NJ 07728"
"8501 Country Club Ave. ","Reno, NV 89523"
"88 Arrowhead Dr. ","Clinton, MD 20735"
"9537 North Pin Oak Lane ","Medford, MA 02155"
"74 Second St. ","Lorton, VA 22079"
"245 1st Ave. ","Key West, FL 33040"
"98 Newbridge Road ","Chester, PA 19013"
"76 S. Shadow Brook St. ","Phoenixville, PA 19460"
"9325 Glenholme Lane ","Marcus Hook, PA 19061"
"5 Lakeshore Ave. ","Zion, IL 60099"
"9716 Ridgeview St. ","Twin Falls, ID 83301"
"8767 Lakewood Circle ","Cumming, GA 30040"
"406 Lake Forest Lane ","Sunnyside, NY 11104"
"8605 Union Street ","Fayetteville, NC 28303"
"7073 Hawthorne Ave. ","Groton, CT 06340"
"524 Gulf Drive ","Honolulu, HI 96815"
"998 Cardinal Drive ","Louisville, KY 40207"
"216 1st Dr. ","Ocean Springs, MS 39564"
"3 W. Fulton St. ","Leland, NC 28451"
"7443 Beaver Ridge Rd. ","Sylvania, OH 43560"
"937 Randall Mill Avenue ","New City, NY 10956"
"9643 W. Andover Lane ","Cornelius, NC 28031"
"282 Tower Dr. ","Saint Charles, IL 60174"
"9454 Center St. ","Suwanee, GA 30024"
"627 N. York St. ","Freeport, NY 11520"
"668 Linden Dr. ","Norfolk, VA 23503"
"8884 53rd Court ","Ellicott City, MD 21042"
"8070 East Brook Ave. ","Coatesville, PA 19320"
"8531 Cedar Ave. ","New Milford, CT 06776"
"679 Dogwood Dr. ","New Kensington, PA 15068"
"8753 East Leatherwood Ave. ","Saginaw, MI 48601"
"56 Euclid Drive ","North Wales, PA 19454"
"19 1st Dr. ","Phoenix, AZ 85021"
"20 Heather Street ","Waterford, MI 48329"
"61 Rose Rd. ","Media, PA 19063"
"608 Grandrose Rd. ","Phillipsburg, NJ 08865"
"8863 East Harrison Drive ","Lithonia, GA 30038"
"729 Griffin Dr. ","Ft Mitchell, KY 41017"
"47 Fordham Ave. ","Grand Rapids, MI 49503"
"977 Greystone Drive ","Edison, NJ 08817"
"49 Bellevue Lane ","Eau Claire, WI 54701"
"8636 Anderson Court ","Coraopolis, PA 15108"
"572 Bank Ave. ","Tallahassee, FL 32303"
"8832 West Rockcrest St. ","New Berlin, WI 53151"
"99 N. Edgefield Rd. ","Pottstown, PA 19464"
"97 Gartner St. ","Mount Juliet, TN 37122"
"88 Bear Hill Drive ","Methuen, MA 01844"
"827 W. Cedar Swamp Ave. ","Roy, UT 84067"
"516 Grant Avenue ","New Bern, NC 28560"
"523 Valley Farms Ave. ","Bemidji, MN 56601"
"44 Canal Street ","Bradenton, FL 34203"
"8692 Williams Ave. ","Evanston, IL 60201"
"335 Hillcrest Avenue ","Dawsonville, GA 30534"
"321 Wild Horse Lane ","South Portland, ME 04106"
"346 S. Maiden Ave. ","Union City, NJ 07087"
"9147 East Brookside St. ","Derby, KS 67037"
"85 Shipley Rd. ","Lexington, NC 27292"
"19 Court Ave. ","Fair Lawn, NJ 07410"
"7299 Fairview Drive ","Hoffman Estates, IL 60169"
"8023 Green Lake Lane ","Nutley, NJ 07110"
"58 Proctor St. ","Miamisburg, OH 45342"
"349 Bishop Lane ","West Fargo, ND 58078"
"46 Van Dyke St. ","Scarsdale, NY 10583"
"8740 W. Tailwater Court ","Lowell, MA 01851"
"980 W. Roberts Ave. ","Logansport, IN 46947"
"7107 North School St. ","Everett, MA 02149"
"8660 Halifax Dr. ","Southaven, MS 38671"
"9236 Bridle St. ","San Carlos, CA 94070"
"7842 Lantern St. ","Dorchester Center, MA 02124"
"82 Queen St. ","Basking Ridge, NJ 07920"
"82 E. Arch Avenue ","Lafayette, IN 47905"
"9653 North Mountainview St. ","Rockledge, FL 32955"
"30 Tailwater Ave. ","Fuquay Varina, NC 27526"
"7427 Surrey Ave. ","Pleasanton, CA 94566"
"7123 Catherine Ave. ","Staten Island, NY 10301"
"440 Wild Rose Lane ","Painesville, OH 44077"
"53 Glen Creek Drive ","Clover, SC 29710"
"9734 Hilldale Drive ","Wheeling, WV 26003"
"6 Olive Ave. ","Woodstock, GA 30188"
"44 Sherwood Dr. ","Beloit, WI 53511"
"284 Arcadia Ave. ","Farmingdale, NY 11735"
"8163 Cardinal Lane ","Erlanger, KY 41018"
"9056 North Marconi Lane ","Mebane, NC 27302"
"392 Elm Drive ","Wilson, NC 27893"
"833 Old Shipley Ave. ","Forest Hills, NY 11375"
"8076 Water Lane ","Norristown, PA 19401"
"8070 Lawrence Rd. ","Oswego, NY 13126"
"9068 8th Avenue ","Palatine, IL 60067"
"7070 Ridgewood Rd. ","Potomac, MD 20854"
"7 Elizabeth Lane ","Asheboro, NC 27205"
"423 Wayne Court ","Port Huron, MI 48060"
"96 Lancaster St. ","Hanover, PA 17331"
"220 Catherine Ave. ","West Springfield, MA 01089"
"653 Chestnut Drive ","Vicksburg, MS 39180"
"554 Woodland St. ","Santa Clara, CA 95050"
"365 North Orange Road ","Bellmore, NY 11710"
"72 Purple Finch Ave. ","Mahopac, NY 10541"
"544 6th Dr. ","West Roxbury, MA 02132"
"7275 Riverview Drive ","Ithaca, NY 14850"
"8044 Spring Avenue ","Wooster, OH 44691"
"653 Chapel Drive ","West Bloomfield, MI 48322"
"158 1st Lane ","Doylestown, PA 18901"
"53 NE. Squaw Creek St. ","Sterling, VA 20164"
"9118 Riverview St. ","Benton Harbor, MI 49022"
"789 Sugar St. ","Sterling Heights, MI 48310"
"31 Bay Meadows Rd. ","Rock Hill, SC 29730"
"43 Prairie Ave. ","Opa Locka, FL 33054"
"64 N. Birch Hill Lane ","Parlin, NJ 08859"
"9623 NW. Bohemia Rd. ","Battle Creek, MI 49015"
"584 St Margarets Street ","Montclair, NJ 07042"
"577 Glendale St. ","Horn Lake, MS 38637"
"9303 Hartford Dr. ","Clarksburg, WV 26301"
"7803 Grandrose Dr. ","Monroe Township, NJ 08831"
"362 Lexington Ave. ","Geneva, IL 60134"
"788 Beechwood Drive ","Sevierville, TN 37876"
"67 Manchester St. ","Palm Beach Gardens, FL 33410"
"630 Sleepy Hollow St. ","Atlanta, GA 30303"
"28 Market Street ","Naugatuck, CT 06770"
"1 Lantern Dr. ","Fairburn, GA 30213"
"34 Beaver Ridge Avenue ","Indianapolis, IN 46201"
"973 Aspen Ave. ","Saugus, MA 01906"
"7298 Andover Street ","Dayton, OH 45420"
"271 Prairie Street ","Oak Park, MI 48237"
"555 West Fulton St. ","Cookeville, TN 38501"
"553 Deerfield Drive ","Valley Stream, NY 11580"
"7986 Williams Ave. ","Mableton, GA 30126"
"328 Marconi St. ","Loganville, GA 30052"
"65 Bayberry Avenue ","Sulphur, LA 70663"
"5 Logan St. ","Florence, SC 29501"
"56 Woodside Ave. ","Valrico, FL 33594"
"771 State Ave. ","Shirley, NY 11967"
"783 West Saxon Court ","Maplewood, NJ 07040"
"9994 Bayport Lane ","Morrisville, PA 19067"
"746 Paris Hill Dr. ","Belleville, NJ 07109"
"868 South Johnson Lane ","Hagerstown, MD 21740"
"22 W. Greenview St. ","Elkridge, MD 21075"
"8563 Shadow Brook Road ","Butler, PA 16001"
"915 Bridge Ave. ","Hartford, CT 06106"
"12 West Thatcher Road ","Windsor, CT 06095"
"92 Bear Hill Court ","Columbus, GA 31904"
"55 Trusel St. ","Augusta, GA 30906"
"935 Green Lane ","Owosso, MI 48867"
"7097 Glenwood St. ","Sidney, OH 45365"
"7823 Dunbar Rd. ","Helena, MT 59601"
"7334 East Fawn St. ","Madison Heights, MI 48071"
"8507C West Myrtle Dr. ","Wausau, WI 54401"
"847 Union Dr. ","Lutherville Timonium, MD 21093"
"8720 Columbia Street ","Hyattsville, MD 20782"
"64 Kirkland St. ","Schaumburg, IL 60193"
"15 West Circle ","Piedmont, SC 29673"
"21 Oxford Dr. ","Carlisle, PA 17013"
"573 High Noon St. ","Halethorpe, MD 21227"
"8866 Yukon St. ","Paterson, NJ 07501"
"581 Richardson St. ","East Meadow, NY 11554"
"8780 East Prospect Street ","Huntersville, NC 28078"
"186 Marlborough Dr. ","Euless, TX 76039"
"24 Border Lane ","Michigan City, IN 46360"
"95 Rockledge Court ","Bangor, ME 04401"
"112 Elmwood Dr. ","Fort Lauderdale, FL 33308"
"132 Sleepy Hollow St. ","Ogden, UT 84404"
"194 Elmwood Ave. ","Fairmont, WV 26554"
"8496 Selby Street ","Sicklerville, NJ 08081"
"8092 Delaware Avenue ","Jonesboro, GA 30236"
"51 Oxford Road ","Richmond Hill, NY 11418"
"81 Mayfield Dr. ","Muskogee, OK 74403"
"7775 Gainsway Rd. ","Villa Park, IL 60181"
"319 Sunbeam Rd. ","La Porte, IN 46350"
"67 S. Lake Forest Ave. ","Mchenry, IL 60050"
"87 Argyle Ave. ","Stillwater, MN 55082"
"687 Hillside St. ","Staunton, VA 24401"
"412 Green Hill Drive ","Lumberton, NC 28358"
"485 Spring Circle ","Livingston, NJ 07039"
"118 Airport Dr. ","Middletown, CT 06457"
"9373 Roosevelt Court ","Douglasville, GA 30134"
"41 Lake Forest Road ","Springfield, PA 19064"
"515 Westport Lane ","Westmont, IL 60559"
"23 North Cambridge Drive ","Hamtramck, MI 48212"
"721 Campfire Street ","Santa Monica, CA 90403"
"304 Smith Store Ave. ","Redford, MI 48239"
"7895 University Lane ","Brick, NJ 08723"
"9214 Anderson St. ","Barrington, IL 60010"
"80B Wellington Dr. ","West Babylon, NY 11704"
"24 Bear Hill St. ","Skokie, IL 60076"
"5 Pine Avenue ","Waltham, MA 02453"
"79 Smith Ave. ","Baldwinsville, NY 13027"
"869 Sugar Street ","Willoughby, OH 44094"
"8828 Coffee Dr. ","Satellite Beach, FL 32937"
"250 Arcadia St. ","New Haven, CT 06511"
"465 Mayflower St. ","Wayne, NJ 07470"
"96 Sheffield Dr. ","Hudsonville, MI 49426"
"500 Pleasant St. ","Encino, CA 91316"
"8743 West John Court ","Kearny, NJ 07032"
"926 East College St. ","Piscataway, NJ 08854"
"16 East Anderson Street ","Oceanside, NY 11572"
"118 William Road ","Glen Cove, NY 11542"
"9427 Bald Hill St. ","Council Bluffs, IA 51501"
"424 Mayfair St. ","Ellenwood, GA 30294"
"7173 Mill Ave. ","Dunedin, FL 34698"
"36 Evergreen Ave. ","Boynton Beach, FL 33435"
"723 Oak Meadow Street ","Hummelstown, PA 17036"
"165 Young Dr. ","Jamestown, NY 14701"
"7092 Virginia Ave. ","Longwood, FL 32779"
"7230 W. Essex St. ","Wakefield, MA 01880"
"34 Sycamore Ave. ","Coram, NY 11727"
"9 North Thorne Ave. ","South Ozone Park, NY 11420"
"9188 Peninsula Drive ","Canonsburg, PA 15317"
"662 Rock Maple Street ","Carol Stream, IL 60188"
"6 East Whitemarsh St. ","Muncie, IN 47302"
"218 Lakeshore St. ","Iowa City, IA 52240"
"709 W. Front Drive ","Peachtree City, GA 30269"
"510 Silver Spear St. ","Chandler, AZ 85224"
"7572 East Jennings St. ","Upland, CA 91784"
"9482 West Goldfield Court ","Joliet, IL 60435"
"898 Sherman St. ","Calhoun, GA 30701"
"8211 South Railroad St. ","Salisbury, MD 21801"
"94 Bear Hill Dr. ","Champlin, MN 55316"
"401 Sunnyslope St. ","Vienna, VA 22180"
"534 Howard St. ","Irvington, NJ 07111"
"8136 Cactus Street ","Central Islip, NY 11722"
"8076 Orchard Drive ","Little Rock, AR 72209"
"728 Cherry Hill Dr. ","Kings Mountain, NC 28086"
"9672 Lafayette  Street ","Virginia Beach, VA 23451"
"7 Wakehurst Street ","Yuba City, CA 95993"
"78 Lincoln Street ","Lorain, OH 44052"
"11 Woodside Rd. ","Easley, SC 29640"
"9 East Wall St. ","North Tonawanda, NY 14120"
"9604 Lake View St. ","Lynchburg, VA 24502"
"282 Amherst Street ","Webster, NY 14580"
"74 South Arcadia Dr. ","Moses Lake, WA 98837"
"38 Blackburn Drive ","Torrance, CA 90505"
"9465 53rd St. ","Shepherdsville, KY 40165"
"7 South Surrey Court ","Maineville, OH 45039"
"67 South St. ","Medina, OH 44256"
"9569 Sutor Ave. ","Wilkes Barre, PA 18702"
"965 Summer St. ","Stow, OH 44224"
"1 Glen Eagles Street ","Atwater, CA 95301"
"136 NE. Griffin Ave. ","Ashland, OH 44805"
"8760 S. Second Ave. ","Oxon Hill, MD 20745"
"9583 Bow Ridge St. ","Allen Park, MI 48101"
"27 Silver Spear Dr. ","Paducah, KY 42001"
"83 North St Louis Ave. ","Olive Branch, MS 38654"
"434 Essex Rd. ","Ontario, CA 91762"
"76 2nd St. ","Libertyville, IL 60048"
"8734 Brandywine Street ","Branford, CT 06405"
"227 S. Ocean St. ","Germantown, MD 20874"
"7031 Linda Road ","Clarksville, TN 37040"
"95 2nd Lane ","Manchester, NH 03102"
"16 Rosewood Lane ","Mount Airy, MD 21771"
"7217 South Pumpkin Hill Street ","Suffolk, VA 23434"
"359 East Greenrose Avenue ","Cottage Grove, MN 55016"
"8353 Division Drive ","Schenectady, NY 12302"
"11 Fawn Lane ","Shelton, CT 06484"
"9990 S. Smith Store Lane ","Patchogue, NY 11772"
"150 Shady St. ","Spring Valley, NY 10977"
