"Emery","Nolan"
"Addisyn","Underwood"
"Jakobe","Black"
"Jaylon","Hull"
"Avery","Copeland"
"Josue","Good"
"Muhammad","Skinner"
"Dean","Frank"
"Derrick","Griffith"
"Salvador","Sherman"
"Arabella","Lawrence"
"Annie","Lloyd"
"Alec","Yates"
"Darion","Campbell"
"Tyrese","Ingram"
"Emely","Strong"
"Calvin","Benjamin"
"Esperanza","Massey"
"Arianna","Skinner"
"Eliana","Baxter"
"Amy","Hudson"
"Yoselin","Andrade"
"Aaliyah","Meza"
"Marques","Escobar"
"Tyrese","Lindsey"
"Zane","Maynard"
"Roderick","Bowman"
"Jasper","Neal"
"Ainsley","Bauer"
"Trevor","Park"
"Lee","Potts"
"Madeline","Greene"
"Moses","Dillon"
"Cecilia","Bowman"
"Lukas","Flores"
"Lennon","Grant"
"Jeffrey","Rich"
"Allison","Mendez"
"Warren","Savage"
"Santino","Gentry"
"Athena","Garner"
"Annika","Woods"
"Marley","Rich"
"Jacoby","Duarte"
"Harrison","Lynch"
"Atticus","Bowman"
"Leanna","Short"
"Mark","Hammond"
"Jaslyn","Conner"
"Thaddeus","Randall"
"Destiney","Hanna"
"Reese","Stokes"
"Zechariah","Lozano"
"Rylee","Park"
"Giovanni","Pope"
"Ignacio","Pitts"
"Santiago","Blackwell"
"Micaela","Molina"
"Remington","Shepherd"
"Oswaldo","Knight"
"Lucia","Savage"
"Isabella","Floyd"
"Taylor","Singleton"
"Azaria","Morales"
"Payten","Daniels"
"Maribel","Mccann"
"Luna","Herrera"
"Barbara","Perez"
"Macey","Scott"
"Cassidy","Phillips"
"Memphis","Lewis"
"Rey","Shah"
"Jan","Bauer"
"Chaya","Owen"
"Peyton","Henry"
"Judah","Jensen"
"Kadyn","Conway"
"Destinee","Garza"
"Emelia","Morris"
"Braeden","Drake"
"Richard","Shaffer"
"Davian","Mcbride"
"Ramiro","Baird"
"Killian","Carr"
"Amelie","Bonilla"
"Sara","Holmes"
"Karissa","Best"
"India","Scott"
"Joslyn","Cohen"
"Laura","Rice"
"Rory","Munoz"
"Kieran","Cherry"
"Gary","Bruce"
"Amanda","Sampson"
"Russell","Nunez"
"Oswaldo","Harris"
"Darian","Roach"
"Carina","Ewing"
"David","Calderon"
"Parker","Villanueva"
"Reilly","Franklin"
"Sheldon","Pruitt"
"Alexis","Pham"
"Lainey","Stephenson"
"Sloane","Lawson"
"Lizeth","Meza"
"Derick","Kidd"
"Alice","Ware"
"Elvis","Cherry"
"Asa","Lewis"
"Beau","Randolph"
"Braelyn","Webster"
"Logan","Cooley"
"Jasmin","Yates"
"Arielle","Edwards"
"Stephany","Mcconnell"
"Selina","Tate"
"Julius","Gallagher"
"Brendan","Bush"
"Kamren","Cantu"
"Cierra","Perkins"
"Brynn","Gomez"
"Devon","Conrad"
"Scarlet","Mejia"
"Rene","Snyder"
"Nolan","Lane"
"Liana","Mcintosh"
"Mark","Gray"
"Maia","Cervantes"
"Mauricio","Gibson"
"Desiree","Wiggins"
"Emelia","Mathis"
"Nathaly","Gilmore"
"Brooke","Kemp"
"Amira","Spence"
"Alice","Walters"
"Marely","Graves"
"Tia","Watson"
"Branden","Hernandez"
"Sonia","Wolfe"
"Brayan","Lowery"
"Devin","Kirby"
"Semaj","Turner"
"Stella","West"
"Bailee","Randall"
"Angelina","Crosby"
"Allie","Hubbard"
"Jennifer","Glover"
"Maren","Jefferson"
"Ella","Avery"
"Elise","Murray"
"Kenny","Porter"
"Kiera","Conner"
"Kamren","Stuart"
"Quinton","Arnold"
"Kaylee","Wright"
"Craig","Landry"
"Noelle","Kline"
"Franco","Massey"
"Alec","Hubbard"
"Jaylen","Cannon"
"Marcos","Buck"
"Ana","Mercer"
"Ian","Long"
"Nathan","Hubbard"
"Caden","Navarro"
"Sharon","Fletcher"
"Cael","Mullins"
"Diego","Poole"
"Clark","Peters"
"Adrian","Cabrera"
"Izayah","Christensen"
"Raquel","Fernandez"
"Reuben","Khan"
"Brooks","Archer"
"Kaleb","Reid"
"Bryanna","Rosario"
"Barrett","Farmer"
"Marisol","Gomez"
"Haleigh","Anderson"
"Skyla","Ashley"
"Tania","Lee"
"Ashleigh","Valenzuela"
"Talon","Rojas"
"Nina","Parks"
"Alonzo","Carney"
"Katrina","Kidd"
"Sanaa","Bauer"
"Jaxon","Pena"
"Brynn","Kidd"
"Janelle","Kaiser"
"Scarlet","Hurley"
"Dillon","Ponce"
"Katherine","Montes"
"Wendy","Adams"
"Dallas","Hunt"
"Kendall","Crosby"
"Donald","Rogers"
"Sergio","Haas"
"Adrienne","Page"
"Rayne","Pace"
"Elizabeth","Estes"
"Haley","Alvarez"
"Madelyn","Cisneros"
"Leah","Bradshaw"
"Sophia","Miles"
"Kayley","Tapia"
"Valentin","Lane"
"Julia","Porter"
"Joey","Rhodes"
"Brenden","Huynh"
"Nicholas","Delacruz"
"Dennis","Mckay"
"Vicente","Blanchard"
"Elise","Herman"
"Cesar","Whitehead"
"Sara","Aguilar"
"Anabelle","Erickson"
"Zara","Eaton"
"Virginia","Spence"
"Nicolas","Campos"
"Orlando","Mcclain"
"Allison","Bowers"
"Aden","Hill"
"Kasey","Blackwell"
"Haylee","Sparks"
"Winston","Keith"
"Jovany","Campbell"
"Richard","Finley"
"Julianna","Burch"
"Marissa","Booker"
"Guadalupe","Weeks"
"Katie","Ramos"
"Shaniya","Walls"
"Giovanni","Bernard"
"Cristofer","Smith"
"Krystal","Esparza"
"Rashad","Obrien"
"Rayan","Montgomery"
"Irvin","Stephenson"
"Emiliano","Hess"
"Diya","Khan"
"Tyshawn","Davidson"
"Johnathon","Benton"
"Kaelyn","Nielsen"
"Roland","Duffy"
"Julia","Odonnell"
"Joe","Larson"
"Jaxson","Browning"
"Edith","Haley"
"Nadia","Wright"
"Eric","Wagner"
"Whitney","Lane"
"Kristin","Delacruz"
"Linda","Dawson"
"Scott","Moses"
"Karsyn","Chan"
"Gary","Li"
"Aisha","Molina"
"Cristina","Murillo"
"Araceli","Finley"
"Kaya","Atkinson"
"Jamar","Mcgrath"
"Damarion","Ellison"
"Braeden","Casey"
"Zain","Stanley"
"Cooper","Young"
"Yasmine","Spencer"
"Camille","Wang"
"Damion","Simpson"
"Ricky","Dominguez"
"Landen","Lawson"
"Dennis","Hayden"
"Amaris","Davenport"
"Aydan","Rios"
"Marina","Donovan"
"Glenn","Stein"
"Reuben","Macdonald"
"Luciano","Frederick"
"Steven","Watkins"
"Corinne","Thomas"
"Byron","Lucas"
"Summer","Bright"
"Titus","Contreras"
"Danny","Burns"
"Esther","Harrington"
"Heather","Noble"
"Ryan","Zimmerman"
"Giada","Zhang"
"Nick","Parsons"
"Rayan","Manning"
"Georgia","Rios"
"Jasmin","Austin"
"Mckinley","Caldwell"
"Ben","Turner"
"Julianne","Mcdaniel"
"Joe","Walker"
"Trevin","Middleton"
"Nancy","Cobb"
"Lamont","Ray"
"Quinton","Todd"
"Nehemiah","Phelps"
"Conor","Osborne"
"Porter","Olson"
"Miranda","Bailey"
"Maria","Stein"
"Trevor","Bonilla"
"Carleigh","Palmer"
"Derick","Coleman"
"Ainsley","Crawford"
"Christina","Ritter"
"Monica","Pennington"
"Krish","Acevedo"
"Mauricio","Roman"
"Israel","Merritt"
"Justice","Fischer"
"Aliya","Green"
"Jagger","Hays"
"Braelyn","Cruz"
"Katrina","Yates"
"Dennis","Sexton"
"Dominik","Mayo"
"Nikhil","Erickson"
"Jane","Roberts"
"Timothy","Taylor"
"Lorenzo","Stout"
"Adrienne","Velasquez"
"Blaze","Mcclure"
"Demarcus","Moses"
"Todd","Figueroa"
"Hailey","Rice"
"Colt","Cross"
"Joseph","Lang"
"Landin","Johnston"
"Brent","Bowers"
"Leon","Hampton"
"Ronnie","Shelton"
"Moshe","Whitaker"
"Marcel","Hanna"
"Eli","Dyer"
"Muhammad","Hodge"
"Maleah","Hardin"
"Haven","Curry"
"Joey","Ayers"
"Kelvin","Kelley"
"Jayvion","Giles"
"Penelope","Farley"
"Kael","Gallegos"
"Lailah","Stafford"
"Ariel","Mathews"
"Arielle","Cook"
"Leonardo","Stein"
"Emery","Barton"
"Cade","Frye"
"Ximena","Yu"
"Rigoberto","Bridges"
"Joey","Reyes"
"Lawson","Guerra"
"Dayanara","Bullock"
"Ari","Thompson"
"Broderick","Cortez"
"Brenna","Huffman"
"John","Conway"
"Deja","Richard"
"Lily","Kidd"
"Koen","Carr"
"Addisyn","Pacheco"
"Elisa","Mack"
"Isaias","Baird"
"Tara","Blake"
"Andrew","Hooper"
"Elliott","Strong"
"Lance","Hall"
"Kinsley","Pope"
"Giana","Branch"
"Kiana","Dalton"
"Jason","Mccarthy"
"Danny","Mcpherson"
"Felix","Duffy"
"Ryker","Nunez"
"Lee","Sanchez"
"Zachary","Chavez"
"Franco","Velazquez"
"Kristian","Watson"
"Dwayne","Jacobson"
"Leon","Nolan"
"Dashawn","Aguirre"
"Jason","Thompson"
"Timothy","Goodwin"
"Shamar","Edwards"
"Adriel","Schultz"
"Delilah","Benton"
"Hezekiah","Park"
"Eric","Ward"
"Brock","Moran"
"Gaige","Archer"
"Erick","Perkins"
"Francesca","Ballard"
"Erick","Gilmore"
"Kaya","Hammond"
"Raphael","Carter"
"Valeria","Brock"
"Nathen","Patterson"
"Emerson","Aguilar"
"Kamari","Carter"
"Lawson","King"
"Alexis","Combs"
"Emilia","Boone"
"Karla","Melton"
"Amina","Perry"
"Erica","Mcdaniel"
"Jaydan","Gates"
"Jesse","Kidd"
"Aisha","Sellers"
"Francis","Conway"
"Tommy","Nixon"
"Kailey","Gibson"
"Leland","Frederick"
"Ty","Bright"
"Hadassah","Wang"
"Harley","Shea"
"Meadow","Browning"
"Adyson","Fitzpatrick"
"Phoenix","Doyle"
"Marques","Hull"
"Jordyn","Alvarez"
"Walter","Buckley"
"Karla","Bray"
"Hugo","Henry"
"Grayson","Carr"
"Rylan","Rangel"
"Sidney","Cisneros"
"Britney","Campos"
"Ada","Carr"
"Kiersten","Dougherty"
"Kasey","Goodman"
"Karli","Mathews"
"Brenden","Zuniga"
"Chanel","Friedman"
"Jaron","Hardin"
"Paola","Beltran"
"Esther","Sweeney"
"Priscilla","Faulkner"
"Savion","Day"
"Rodolfo","Byrd"
"Selina","Porter"
"Ibrahim","Fritz"
"Katrina","Wilcox"
"Denise","Moreno"
"Shaniya","Mcmahon"
"Marcos","Best"
"Elle","Hampton"
"Troy","Bender"
"John","Villa"
"Zayne","Chase"
"Joseph","Nash"
"Milo","Schneider"
"Donna","Lucas"
"Wayne","Mcclure"
"Claudia","Andrade"
"Adrianna","Oconnor"
"Cristopher","Burton"
"Bailee","Stone"
"Terrence","Cruz"
"Abram","Daniels"
"Abel","Galvan"
"Tristen","Reid"
"Spencer","Hicks"
"Ali","Vance"
"Leilani","Evans"
"Deshawn","Mckee"
"Cristian","Sullivan"
"Isabell","Ross"
"Lennon","Crane"
"Jennifer","Robertson"
"Jerimiah","Hensley"
"Luciano","Duarte"
"Micah","Turner"
"Luciano","Gonzalez"
"Everett","Swanson"
"Jazlynn","Wong"
"Michelle","Bradshaw"
"Annabella","Hurley"
"Carter","Foley"
"Camilla","Faulkner"
"Paxton","Oconnell"
"Jovanni","Weaver"
"Frankie","Mcmillan"
"Natasha","Jones"
"Itzel","Grimes"
"Kelly","Roberts"
"Campbell","Wong"
"Hamza","Doyle"
"Aisha","Wagner"
"Erin","Fuller"
"Alina","Cruz"
"Dalia","Kaiser"
"Aaron","Arellano"
"Blake","Meyer"
"Clinton","Conrad"
"Lillianna","Norris"
"Arturo","Shepherd"
"Sierra","Mooney"
"Dakota","Barry"
"Colten","Ball"
"Macy","Williams"
"Marco","Cruz"
"Jamie","Francis"
"Neveah","Mcknight"
"Elliana","Mahoney"
"Olive","Montoya"
"Robert","Harding"
"Sean","Long"
"Jane","Fernandez"
"Nikolas","Ashley"
"Tiana","Mitchell"
"Bo","Osborne"
"Tyler","Fry"
"Emma","Meza"
"Anastasia","Larson"
"Faith","Preston"
"Skyla","Huff"
"Aniya","Banks"
"Amani","Rios"
"Cornelius","Guzman"
"Kirsten","Woodward"
"Cameron","Casey"
"Simone","Mooney"
"Adriana","Blackburn"
"Jimmy","Ortega"
"Brooklynn","Stafford"
"Eleanor","Zavala"
"Chaya","Prince"
"Jonathon","Ibarra"
"Edward","Mora"
"Clark","Nielsen"
"Harold","Mays"
"Marie","Fitzgerald"
"Davian","Grant"
"Edgar","Nichols"
"Brianna","Espinoza"
"Frank","Frye"
"Karlie","Garrett"
"Grady","Cohen"
"Cordell","Jordan"
"Lorena","Hayes"
"Jaylen","Lozano"
"Dominik","Wright"
"Lamont","White"
"Tatum","Lowery"
"Kristian","Conley"
"Ansley","Morrison"
"Victor","Jordan"
"Aubrie","Price"
"Angeline","Russo"
"Rigoberto","Hodges"
"Jasper","Moon"
"Matilda","Taylor"
"Johnathan","Clay"
"Cedric","Scott"
"Wilson","Hart"
"Meghan","Best"
"Jamir","Knight"
"Zachariah","Jordan"
"Paloma","Yates"
"Brice","Doyle"
"Bradyn","Schmidt"
"Maren","Reese"
"Kylie","Wise"
"Alexandra","Lowery"
"Tatiana","Roberson"
"Chasity","Barron"
"Josue","Barton"
"Desiree","Salinas"
"Hana","Braun"
"Samir","Crosby"
"Angelina","Herring"
"Antony","Mccormick"
"Silas","Hill"
"Grant","Hernandez"
"Braxton","Blevins"
"Jessie","Hensley"
"Abdiel","Juarez"
"Tara","Orozco"
"Jaiden","Petty"
"Ruben","Watkins"
"Elianna","Stevens"
"Nadia","Yoder"
"Deon","Colon"
"Allie","Vasquez"
"Gwendolyn","Watson"
"Tessa","Flores"
"Valery","Espinoza"
"Ann","Stafford"
"Kamila","Watts"
"Ashleigh","Lloyd"
"Gianni","Boone"
"Anastasia","Mooney"
"Ashanti","Ford"
"Wyatt","Moran"
"Clinton","Arellano"
"Sage","Freeman"
"Malaki","Reeves"
"Lea","Manning"
"Jacquelyn","Brady"
"Avery","Black"
"Jacquelyn","Henson"
"Marvin","Todd"
"Trenton","Boyer"
"Ignacio","Schroeder"
"Frankie","Cervantes"
"Jimena","Grant"
"Abbey","Bowers"
"Peyton","Summers"
"Kyla","Hickman"
"Anna","Harper"
"Miranda","Barber"
"Carley","Cunningham"
"Marin","Harvey"
"Lesly","Skinner"
"Sullivan","Hartman"
"Lucille","Cross"
"Heath","Wilkerson"
"Tori","Hodges"
"Kelsey","Lin"
"Ellie","Hardin"
"Wade","Rosario"
"Mitchell","Murillo"
"Marcos","Shannon"
"Salvatore","Barron"
"Rowan","Pruitt"
"Autumn","Benjamin"
"Aaron","Lowery"
"Tessa","Skinner"
"Jayleen","Beard"
"Marquise","Kramer"
"Rex","Khan"
"Mikaela","Bryant"
"Albert","Mercer"
"Marley","Ayala"
"Shayna","Krueger"
"Andrea","Williamson"
"Fletcher","Savage"
"Shirley","Krueger"
"Hugo","Cochran"
"Ernesto","Forbes"
"Misael","Cooper"
"Easton","Acevedo"
"Irene","Mahoney"
"Nathalia","Nguyen"
"Kamari","Nielsen"
"Josue","Patrick"
"Camryn","Barron"
"Jasmin","Valencia"
"Nelson","Barr"
"Saniyah","Rocha"
"Alicia","Sampson"
"Jaidyn","Perez"
"Brayden","Small"
"Tatiana","Mendez"
"Halle","Nichols"
"Emilie","Mullins"
"Rachel","Estes"
"Yadira","Rush"
"Braylen","Christensen"
"Jordin","Gillespie"
"Myla","Blankenship"
"Donavan","Kemp"
"Marcos","Mccoy"
"Nathaniel","Stout"
"Taniyah","Choi"
"Nikolai","Velez"
"Micah","Cordova"
"Kylan","Levy"
"Kyan","Thomas"
"Roman","Manning"
"Kaden","Bowman"
"Mina","Greene"
"Cheyanne","Ramsey"
"Spencer","Deleon"
"Kamari","Hernandez"
"Trenton","Mann"
"Aliya","Novak"
"Alvin","Rose"
"Kenley","Mueller"
"Daniel","Frederick"
"Aarav","Weiss"
"Raven","Hatfield"
"Josie","Rush"
"Brendan","Singleton"
"Lukas","Mathis"
"Angelina","Little"
"Aliza","Chaney"
"Jakobe","Montes"
"Paulina","Glover"
"Aaron","Bridges"
"Kaylee","Heath"
"Coby","Ware"
"Taylor","Robertson"
"Josephine","Mcmillan"
"Caroline","Phelps"
"Kyle","Mccarthy"
"Keon","Harvey"
"Josephine","Watts"
"Quinton","Trevino"
"Cale","Krause"
"Alondra","Lawson"
"Layne","Stephenson"
"Daniela","Dorsey"
"Angie","Deleon"
"Brooklynn","Glass"
"Cash","Gamble"
"Declan","Andersen"
"Cameron","Gregory"
"Lilah","Matthews"
"Cora","Fitzgerald"
"Kenzie","Sanford"
"Saniyah","Merritt"
"Janelle","Bush"
"Melina","Buck"
"Karly","Jones"
"Jazlyn","Reese"
"Chaz","Morrow"
"Richard","Gibson"
"Kellen","Braun"
"Mariana","Barton"
"Emerson","Buck"
"Frank","Everett"
"Brynn","Wiggins"
"Evie","Pollard"
"Jefferson","Vazquez"
"Kiara","Christian"
"Kiana","Bolton"
"Adriana","Charles"
"Yosef","Harding"
"Benjamin","Velasquez"
"Jaylen","Willis"
"Zayden","Henry"
"Adriel","Jackson"
"Yazmin","Macdonald"
"Ahmed","Hensley"
"Ashleigh","Montoya"
"Shyanne","Cummings"
"August","Moyer"
"Reilly","Baird"
"Sophie","Oneill"
"Dalton","Maxwell"
"Brody","Huber"
"Ivy","Levy"
"Mikayla","Oconnor"
"Ali","May"
"Ashlynn","Dorsey"
"Sandra","Montoya"
"Ariana","Hughes"
"Dante","Erickson"
"Janelle","Ramos"
"Nathan","Trevino"
"Ryann","Dominguez"
"Paula","Munoz"
"Melanie","Page"
"Matthew","Fisher"
"Charlize","Orozco"
"Miya","Hobbs"
"Mercedes","Lloyd"
"Guillermo","Gibbs"
"Jazlene","Mercer"
"Macey","Page"
"Shayla","Mcmahon"
"Micheal","Sullivan"
"Joyce","Landry"
"Mark","Rush"
"Everett","Blanchard"
"Emerson","Thornton"
"Micah","Lloyd"
"Brooks","Lewis"
"Ainsley","Petersen"
"Valentino","Flowers"
"Lindsey","Madden"
"Raina","Bernard"
"Salvatore","Boone"
"Leland","Hopkins"
"Konnor","Brewer"
"Ryland","Rich"
"Elsa","Simmons"
"Mariah","Mayer"
"Marie","Bender"
"Delaney","Carlson"
"Aaden","Schaefer"
"Mila","White"
"Aracely","Vasquez"
"Draven","Price"
"Ari","Kelly"
"Hezekiah","Moyer"
"Derrick","Ortiz"
"Jared","Molina"
"Isla","Chang"
"Braxton","Everett"
"Desmond","Woodard"
"Jace","Barnett"
"Makena","Farley"
"Brielle","Willis"
"Wesley","Snow"
"Kamila","Fitzgerald"
"Nikhil","Oconnell"
"Mason","Cruz"
"Hayden","Allison"
"David","Weaver"
"Carolina","Cherry"
"Yael","Mcclain"
"Justice","Watkins"
"Kailee","Dorsey"
"Emelia","Sloan"
"Malia","Brooks"
"Albert","Esparza"
"Jaden","Russo"
"Jackson","Charles"
"Alina","Mason"
"Angel","Strickland"
"Jimena","Benjamin"
"Leah","Faulkner"
"Omar","Mcbride"
"Alivia","Murray"
"Felix","Santana"
"Harper","Rowe"
"Zain","Brown"
"Spencer","Matthews"
"Rebekah","Calhoun"
"Yusuf","Barry"
"Tanner","Ewing"
"Emerson","Bonilla"
"Brodie","Suarez"
"Lorelei","Dean"
"Ashly","Heath"
"Kirsten","Flowers"
"Dustin","Dillon"
"Mallory","Robles"
"Krista","Cummings"
"Aidyn","Kaufman"
"Silas","Whitaker"
"Frances","Dorsey"
"Iliana","Valentine"
"Monica","Shepherd"
"Aidan","Barron"
"Mathew","Mahoney"
"Gael","Dickson"
"Felix","Stark"
"Madison","Cohen"
"Rafael","Webb"
"Agustin","Mann"
"Sarai","Mcintyre"
"Kiana","Curtis"
"Jane","Yu"
"Mattie","Mays"
"Makayla","Swanson"
"Nolan","Mcneil"
"Stephen","Gonzalez"
"Samson","Farmer"
"Cassandra","Morris"
"Carter","Juarez"
"Kale","Beard"
"Veronica","Tran"
"Milton","Mcneil"
"Keon","Lawson"
"Harley","Elliott"
"Annika","Webb"
"Oscar","Gillespie"
"Celeste","Calhoun"
"Mohammad","Gray"
"Diana","Howard"
"Amber","Oneill"
"Jabari","Liu"
"Kane","Melton"
"Cindy","Jackson"
"Nash","Taylor"
"Dorian","Johnson"
"Jamison","Holmes"
"Julie","Murray"
"Jaylen","Leonard"
"Landen","Watts"
"Kate","Henry"
"Jacoby","Becker"
"Sheldon","Reid"
"Cadence","Baker"
"Ingrid","Lewis"
"Amani","Willis"
"Adolfo","Frank"
"Mikaela","Choi"
"Ayden","Taylor"
"Rose","Fisher"
"Jaiden","Pope"
"Trent","Trevino"
"Zaid","Becker"
"Carmelo","Simpson"
"Keenan","Harvey"
"Jadon","Singh"
"Paola","Pugh"
"Javion","Rivera"
"Samara","Carter"
"Jaylee","Moreno"
"Joaquin","Nixon"
"Rhianna","Kent"
"Tommy","Munoz"
"Shannon","Wolf"
"Karly","Ochoa"
"Krista","Middleton"
"Nora","Peters"
"Shaylee","Valdez"
"Pamela","Cummings"
"Jamison","Cummings"
"Camilla","Hammond"
"Yahir","Short"
"Hadley","Harvey"
"Darion","Mcintosh"
"Brennan","Gross"
"Shane","Welch"
"Talia","Burgess"
"Kristin","Holmes"
"Laurel","Stanton"
"Armando","Stafford"
"David","Li"
"Charlie","Smith"
"Sarahi","Harrington"
"Kason","Collins"
"Michelle","Washington"
"Aurora","French"
"Ruby","Gallegos"
"Alejandro","Elliott"
"Marcel","Higgins"
"Ashlynn","Oneal"
"Darnell","Abbott"
"Dallas","Hobbs"
"Jamari","Gonzales"
"Andres","Gibbs"
"Brian","Macias"
"Draven","Sullivan"
"Katherine","Ashley"
"Jacoby","Reyes"
"Baron","Richards"
"Bella","Montoya"
"Kaylyn","Howard"
"Myah","Pham"
"Londyn","Murray"
"Kassandra","Mendoza"
"Marcus","Anthony"
"Zion","Juarez"
"Alani","Bennett"
"Cameron","Ross"
"Annika","Mendoza"
"Jordan","Wallace"
"Gia","Fisher"
"Rosemary","Cabrera"
"Wilson","Ferrell"
"Kenley","Miranda"
"Brenden","Hinton"
"Ariel","Boyd"
"Matias","Sweeney"
"Enrique","Mccarthy"
"Rhianna","Smith"
"Misael","Padilla"
"Jaylynn","Maxwell"
"Libby","Frazier"
"Brooke","Moore"
"Hassan","Phillips"
"Kamren","Franco"
"Jeremiah","Krueger"
"Krista","Miranda"
"Litzy","Bradley"
"Kallie","Wolf"
"Anna","Haney"
"Cecilia","Hendrix"
"Kody","Garza"
"Thalia","Hoffman"
"Carl","Gardner"
"Kendall","Aguirre"
"Jayleen","Pacheco"
"Arturo","Sharp"
"Branson","Henson"
"Eric","Rocha"
"Wilson","Lynch"
"Rayan","Carson"
"Jake","Donaldson"
"Leo","Todd"
"Layla","Washington"
"Ivan","Bradford"
"Albert","Buck"
"Chaz","Hodge"
"Payten","Warren"
"Donovan","Mckee"
"Gage","Bonilla"
"Juliet","Thornton"
"Caylee","Rivera"
"Mark","Blankenship"
"Jaidyn","Ellison"
"Amari","Roth"
"Cory","Arellano"
"Caitlyn","Garza"
"Zaire","Reynolds"
"Ivan","Cooper"
"Lea","Perez"
"Tiara","Maynard"
"Judith","Miranda"
"Owen","Mckenzie"
"Jessie","Conrad"
"Leticia","Stafford"
"Emilee","Vargas"
"Precious","Haney"
"Mikayla","Avery"
"Jaime","Valdez"
"Rylee","Craig"
"Roselyn","Nunez"
"Emery","Stevenson"
"Orion","Irwin"
"Ryann","Lambert"
"Juliette","Padilla"
"Robert","Figueroa"
"Ronin","Guzman"
"Aleah","Maxwell"
"Averie","Little"
"Belen","Carson"
"Karsyn","Church"
"Kenneth","Schaefer"
"Izabelle","Villarreal"
"Sydney","Hanna"
"Louis","Garner"
"Timothy","Romero"
"Leonard","Holloway"
"Avery","Bolton"
"Casey","Beard"
"Brice","Russell"
"Dangelo","Fuller"
"Skyla","Proctor"
"Ezequiel","Roberson"
"Anabel","Donaldson"
"Christine","Choi"
"Nico","Howell"
"Samara","Hobbs"
"Emerson","Howell"
"Dorian","Wagner"
"Justice","Wilkinson"
"Azaria","Orr"
"Kailee","Norman"
"Addisyn","Anderson"
"Ignacio","Myers"
"Kathy","Webster"
"Denisse","Compton"
"Mareli","Wong"
"Quinn","Holland"
"Isiah","Avery"
"Mara","Oliver"
"Jolie","Stewart"
"Cristopher","Grimes"
"Marilyn","Stewart"
"Parker","Watts"
"Jakob","Sanford"
"Zackery","Mcintosh"
"Yareli","Mcpherson"
"Ivan","Velasquez"
"Sherlyn","Aguilar"
"Hector","Porter"
"Olivia","Torres"
"Aryana","Porter"
"Walter","Lara"
"Laylah","Barton"
"Pablo","Ibarra"
"Emmanuel","Bradshaw"
"Sadie","Goodwin"
"Avery","Pennington"
"Amirah","Levy"
"Kieran","Jackson"
"Ryland","Evans"
"Marely","Romero"
"Deandre","Tucker"
"Miranda","Lee"
"Felicity","Dyer"
"Hayden","Hardy"
"Monserrat","Rasmussen"
"Zain","Holland"
"Bria","Golden"
"Jayce","Schwartz"
"Mariah","Mcguire"
"Kyler","Manning"
"Felix","Monroe"
"Bradyn","Hendrix"
"Caleb","Curry"
"Natalia","Vance"
"Terrance","Holder"
"Jude","Stark"
"Paisley","Oconnor"
"Damian","Gutierrez"
"Cassie","Kaiser"
"Josie","Ware"
"Johnathan","Russo"
"Gianna","Anthony"
"Maximus","Decker"
"Kamron","Martin"
"Madilynn","Patel"
"Joy","Gutierrez"
"Greta","Charles"
"Rashad","Werner"
"Kendall","Valdez"
"Christine","Saunders"
"Isabell","Anthony"
"Cora","Shaffer"
"Jaylin","Cisneros"
"Jennifer","Henry"
"Hazel","Velazquez"
"Keira","Gonzales"
"Finn","Harding"
"Amani","Figueroa"
"Isiah","Mccarty"
"Journey","Sullivan"
"Laura","Norman"
"Ethan","Petty"
"Angel","Love"
"Lauren","Valenzuela"
"Marquis","Cohen"
"Nia","Collins"
"Jax","Mccarthy"
"Jaycee","Yang"
"Jaden","Cantrell"
"Matthew","Livingston"
"Aiyana","Reid"
"Cyrus","Gamble"
"Jamison","Gibson"
"Isabella","Larson"
"Sebastian","Robbins"
"Ruby","Ball"
"Reilly","Villarreal"
"Mariana","Carter"
"Dakota","Aguilar"
"Brennan","Love"
"Maribel","Garcia"
"Julie","Bird"
"Cierra","Larsen"
"Giancarlo","Branch"
"Colin","Little"
"Marshall","Mcguire"
"Gretchen","Mcintosh"
"August","Oneal"
"Harper","Bernard"
"Andre","Adams"
"Melvin","Arias"
"Judith","Wheeler"
"Chance","Rhodes"
"Jamari","Tyler"
"Kingston","Berger"
"Gretchen","Sloan"
"Jayvion","Mckinney"
"Marcus","Brown"
"Brennen","Walter"
"Triston","Fitzpatrick"
"Madyson","Murphy"
"Kendall","Tyler"
"Yamilet","Clark"
"Neil","Rojas"
"Talia","Rice"
"Cullen","Davis"
"Darryl","Chaney"
"Denzel","Hudson"
"Terrance","Lopez"
"Jolie","Mathews"
"Diana","Finley"
"Natalia","Silva"
"Mikayla","Booker"
"Kathleen","May"
"Donovan","Guzman"
"Rayne","Sellers"
"Jaquan","Dennis"
"Angeline","Kline"
"Caiden","Chang"
"Esteban","Davenport"
"Hayley","Dudley"
"Reina","Francis"
"Emery","Hess"
"Brenton","Keith"
"Claudia","Schmidt"
"Madelyn","Mullins"
"Alvaro","Nguyen"
"John","Silva"
"Ariana","Keith"
"Joe","Mcfarland"
"Iris","Silva"
"Saige","Patrick"
"Brendan","Farrell"
"Camren","Walter"
"Kristina","Farley"
"Carissa","Lara"
"Ibrahim","Huff"
"Isabella","Shah"
"Adelyn","Tyler"
"Markus","Lucero"
"Johnathon","Walters"
"Destiny","Moody"
"Logan","Parker"
"Raven","Alexander"
"Sierra","Mckay"
"Arabella","Duarte"
"Hazel","Shannon"
"Ximena","Friedman"
"Neveah","Lynn"
"Jessie","Wong"
"Bridger","Olson"
"Kade","Odom"
"Marie","Ochoa"
"Alana","Whitaker"
"Nathalie","Bray"
"Messiah","Turner"
"Kale","Wang"
"Daphne","Hayden"
"Tyree","Gentry"
"Carleigh","Villa"
"Zachary","Baldwin"
"Tania","Henderson"
"Kendra","Raymond"
"Willow","Mccann"
"Vance","Oneal"
"Deandre","Wood"
"Johnathan","Jacobs"
"Eliza","Oconnell"
"Joshua","Michael"
"Junior","Weaver"
"Arielle","Moore"
"Elizabeth","Ayers"
"Yareli","Hines"
"Jewel","Jennings"
"Dawson","Downs"
"Madilynn","Novak"
"Taliyah","Richmond"
"Israel","West"
"Mauricio","Carrillo"
"Danna","Andrews"
"Ryann","Reese"
"John","Duran"
"Leia","Dean"
"Ashley","Braun"
"Dylan","Shaffer"
"Julius","Yu"
"Cadence","Stewart"
"Clayton","Pratt"
"Zander","Mercado"
"Makena","Green"
"Selena","Daugherty"
"Skye","Everett"
"Cristian","Houston"
"Sincere","Zimmerman"
"Gavyn","Liu"
"Danielle","Gardner"
"Luca","Hopkins"
"Allen","Cuevas"
"Asia","Bauer"
"Antonio","Perez"
"Taniya","James"
"Semaj","Flores"
"Rory","Erickson"
"Dominik","Lewis"
"Kennedi","Beck"
"Kody","Duncan"
"Kael","Frey"
"Joy","Gill"
"Eliza","Howell"
"Connor","Cunningham"
"Mina","Mckenzie"
"Derek","Cummings"
"Matthew","Faulkner"
"Tristen","Pitts"
"Jasper","Winters"
"Yaretzi","Sutton"
"Eden","Carpenter"
"Braeden","Delacruz"
"Penelope","Baker"
"Darien","Mccall"
"Adan","Wyatt"
"Kallie","Mooney"
"Jazmin","Hampton"
"Danna","Hodge"
"Kierra","Padilla"
"Destinee","Maxwell"
"Amirah","Kramer"
"Gilbert","Green"
"Raquel","Madden"
"Marques","Newton"
"Irene","Burton"
"Payten","Luna"
"Brooklynn","Burch"
"Nelson","Kerr"
"Janiyah","Mora"
"Alina","Shannon"
"Sage","May"
"Jay","Duarte"
"Mariam","Jordan"
"Jaidyn","Dudley"
"Evie","Bolton"
"Kameron","Todd"
"Bianca","Raymond"
"Kallie","Buckley"
"Ciara","Hardin"
"Angelo","Osborne"
"Ciara","Browning"
"Chaya","Harding"
"Gemma","Walter"
"Marina","Benton"
"Alyssa","Pierce"
"Zion","Horne"
"Arnav","Larsen"
"Felix","Torres"
"Valeria","Strong"
"Draven","Malone"
"Journey","Bean"
"Stephen","Stewart"
"Averi","English"
"Caroline","Rocha"
"Vanessa","Castaneda"
"Deven","Marquez"
"Malcolm","King"
"Scott","Copeland"
"Gael","Esparza"
"Ronan","Kim"
"Addisyn","Lucero"
"Layton","Douglas"
"Chloe","Aguilar"
"Jared","Hatfield"
"Cody","Kirby"
"Malia","Rivera"
"Marlee","Gross"
"Aryanna","Dunn"
"Serenity","Bryan"
"Daniel","Wolfe"
"Kimora","Forbes"
"Eliza","Richardson"
"Aidyn","May"
"Eddie","Williams"
"Harper","Harrison"
"Marcel","Foster"
"Ronald","Logan"
"Joel","Mullen"
"Madyson","Swanson"
"Rose","Meadows"
"Andy","Charles"
"Jaliyah","Richard"
"Elena","Black"
"Cedric","Mercer"
"Alvin","Camacho"
"Cassie","Cortez"
"Troy","Key"
"Ryker","Clements"
"Briana","Conway"
"Lainey","Mcdaniel"
"Nasir","Hopkins"
"Adan","Benitez"
"Kate","Buckley"
"Malik","Ross"
"Ray","Orr"
"Cecilia","Wilson"
"Kenley","Frazier"
"Cecilia","Beck"
"Ronin","Howell"
"Sharon","Griffith"
"Chaya","Dawson"
"Brandon","Vance"
"Rishi","Hester"
"Rayne","Dixon"
"Mekhi","Levine"
"Kailee","Carrillo"
"Chandler","Wade"
"Jasmin","Braun"
"Shiloh","Riley"
"Madisyn","Hoffman"
"Braiden","Mcbride"
"Cedric","Turner"
"Edgar","Ward"
"Noe","Olsen"
"Marcelo","King"
"Clarissa","Orozco"
"Wilson","Turner"
"Zane","Glass"
"Mina","Cooper"
"Ronald","Nash"
"Alice","Lamb"
"Sammy","Carney"
"Monique","Cannon"
"Roman","Dyer"
"Giovanni","Lutz"
"Branson","Williams"
"Zoe","Alexander"
"Osvaldo","Haney"
"Broderick","Alvarez"
"Agustin","Day"
"Maliyah","Cannon"
"Phillip","Clarke"
"Kamryn","Frey"
"Alden","Merritt"
"Gloria","Stein"
"Ross","Trujillo"
"Osvaldo","Clayton"
"Dayanara","Rodgers"
"Odin","Weiss"
"Ashly","Hays"
"Leon","Khan"
"Ivy","Gonzales"
"Damaris","Terry"
"Alivia","Waters"
"Iliana","Randall"
"Marianna","Kennedy"
"Skylar","Mcclain"
"Leonel","Horn"
"Dayana","Grant"
"Cyrus","Ruiz"
"Alejandra","Hughes"
"Lyric","Ali"
"Desirae","Kemp"
"Lindsay","Hanna"
"Taylor","Mcmillan"
"Jasmin","Cooke"
"Brielle","Roth"
"Janet","Tucker"
"Jaelynn","Jones"
"Celeste","Fischer"
"Brendon","Dickerson"
"Edward","Waller"
"Ryan","Walters"
"Diego","Krause"
"Keith","Mcpherson"
"Brock","Clark"
"Willow","Price"
"Boston","Jensen"
"Roger","Chaney"
"Kameron","Patton"
"Dulce","Spears"
"Areli","Boyd"
"Zoe","Horne"
"Amanda","Nelson"
"Gaige","Klein"
"Aileen","Miles"
"Jayvion","Boyle"
"Gisselle","Massey"
"Darion","Andrews"
"Camren","Kelley"
"Emilia","Sharp"
"Malachi","Flynn"
"Roselyn","Cabrera"
"Christian","Frey"
"Wyatt","Buck"
"Willow","Cervantes"
"Alijah","Weeks"
"Jaylan","Murray"
"Yosef","Brown"
"Erik","Benson"
"Darnell","Oneal"
"Christina","Cooper"
"Bridger","Mendoza"
"Lea","Lindsey"
"Kaylin","Larson"
"Adriel","Kane"
"Trystan","Estes"
"Alondra","Thornton"
"Luna","Preston"
"Marlee","Winters"
"Nigel","Thompson"
"Jasmine","Thomas"
"Deegan","Kelly"
"Ayaan","Ruiz"
"Kendrick","Bishop"
"Titus","Kline"
"Baylee","Good"
"Haven","Bonilla"
"Brenden","Holmes"
"Jaylee","Hammond"
"Peyton","Rush"
"Joey","Mclaughlin"
"Cherish","Pitts"
"Giovanna","Frost"
"Elsie","Maddox"
"Terrence","Ewing"
"Owen","Snow"
"Beckett","Hogan"
"August","Hendricks"
"Lia","Moses"
"Danica","Martinez"
"Mareli","Flynn"
"Kennedi","Delgado"
"Giovanny","Sheppard"
"Kolby","Stone"
"Lailah","Reynolds"
"Erick","Caldwell"
"Mireya","Prince"
"Ignacio","Davenport"
"Andres","Oconnor"
"Summer","Stokes"
"Myah","Norman"
"Charlie","Hunter"
"Colten","Lowe"
"Cecelia","Colon"
"Tobias","Choi"
"Crystal","Mills"
"Nia","Bruce"
"Bria","Roberts"
"Cecilia","Barr"
"Kayleigh","Watkins"
"Virginia","Petersen"
"Cortez","Conner"
"Maurice","Bass"
"Aliya","Humphrey"
"Sebastian","Tyler"
"Cara","Harrington"
"Monica","Villegas"
"Dakota","Aguilar"
"Kylee","Barrera"
"Taniyah","Mcmillan"
"Joanna","Lutz"
"Rachael","Erickson"
"Zachery","Meadows"
"Eva","Wu"
"Skylar","Welch"
"Vanessa","Collier"
"Amanda","Larson"
"Juliana","Duke"
"Diamond","Ellis"
"Charlotte","Sanford"
"Hezekiah","Lee"
"Georgia","Farmer"
"Marcelo","Cisneros"
"Mareli","Weeks"
"Milton","Freeman"
"Sincere","Walsh"
"Branden","Armstrong"
"Lyla","Mckee"
"Jaidyn","Rice"
"Bernard","Hansen"
"Karter","Briggs"
"Dixie","Elliott"
"Rylee","Francis"
"Braedon","Chambers"
"Landyn","Middleton"
"Rafael","Mosley"
"Tyrone","Riggs"
"Cindy","Decker"
"Alexus","Stevens"
"Kolby","Hodge"
"Orlando","Hull"
"Jordan","Booker"
"Case","Lynch"
"Kymani","Klein"
"Yael","Ray"
"Darren","Odom"
"Dorian","Kelley"
"Gracelyn","Cline"
"Keegan","Lara"
"Ashley","Dominguez"
"Sydnee","Bennett"
"Jason","Morgan"
"Valeria","Mckay"
"Rhys","Schultz"
"Araceli","Conrad"
"Joshua","Gentry"
"Sarai","Villegas"
"Julien","Robles"
"Saniyah","Terry"
"Kamari","Jenkins"
"Diego","Peters"
"Jamal","Pacheco"
"Cyrus","Merritt"
"Abel","Spence"
"Addyson","Bonilla"
"Corbin","Bowman"
"Riya","Bryant"
"Cristopher","Daniel"
"Emery","Butler"
"Gia","Ballard"
"Lillian","Mckenzie"
"Colton","Barajas"
"Gauge","Haney"
"Pablo","Rowe"
"Jazlynn","Madden"
"Mauricio","Carter"
"Frederick","Rose"
"Izayah","Kirby"
"Zachary","Melendez"
"Gina","Cooley"
"Mark","Reese"
"Theodore","Horne"
"Eliza","Thornton"
"Randy","May"
"Alexa","Chang"
"Allen","Rowland"
"Amiya","Lane"
"Kelvin","Lutz"
"Tyrese","Hudson"
"Desmond","Aguirre"
"Summer","Weber"
"Kai","Sampson"
"Zachary","Arellano"
"Holly","Blackwell"
"Ibrahim","Greer"
"Franco","Sawyer"
"Jaeden","Herrera"
"Akira","Adkins"
"Alison","Goodman"
"Kane","Carr"
"Kennedi","Whitehead"
"Boston","Castaneda"
"Carly","Reese"
"Elian","Ochoa"
"Eileen","Campos"
"Harper","Mora"
"Savanna","Newton"
"Gage","Singh"
"Lewis","Harris"
"Chance","Wolf"
"Ruben","Beltran"
"Averie","Pittman"
"Joslyn","Haas"
"Lucy","Middleton"
"Joy","Farmer"
"Eliezer","Cochran"
"Madyson","Black"
"Kason","Gordon"
"Donald","Krause"
"Mara","Whitaker"
"Braydon","Wang"
"Jayla","Valencia"
"Allen","Warren"
"Yasmin","Boyle"
"Jace","Barker"
"Cole","Rivers"
"Hunter","Morales"
"Braedon","Roach"
"Ali","Friedman"
"Xzavier","Caldwell"
"Jewel","Gray"
"Celia","Bowen"
"Linda","Miranda"
"Jamari","Crawford"
"Terrence","Klein"
"Lyla","Baker"
"Andrew","Pittman"
"Avery","Hancock"
"Noah","Hammond"
"Talon","Daugherty"
"Cyrus","George"
"Wesley","Stark"
"Jaiden","Fritz"
"Alonzo","Young"
"Harper","Sandoval"
"Maddison","Werner"
"Nehemiah","Farrell"
"Zackery","Knox"
"Courtney","Williamson"
"Amiyah","Conner"
"Aubrie","Prince"
"Yadira","Parrish"
"Deandre","Best"
"Kaiya","Boyer"
"Semaj","Wiggins"
"Journey","Bowen"
"Shayna","Kaufman"
"Arely","Cannon"
"Madalyn","Frederick"
"Ray","Mckenzie"
"Gerald","Coffey"
"Frankie","Schultz"
"Cash","Sims"
"Marcel","Vaughn"
"Shirley","Thomas"
"Terrell","Zavala"
"Gunner","Cooper"
"Megan","Lynn"
"Nigel","Fischer"
"Dorian","Cherry"
"Jewel","Clarke"
"Toby","Lozano"
"Edward","Wells"
"Drake","Manning"
"Kelvin","Skinner"
"Holden","Salazar"
"Kimberly","Boyd"
"Gisselle","Scott"
"Kaden","Waller"
"Emilio","Norman"
"Jadyn","Mayer"
"Braylon","Weaver"
"Ahmed","Frazier"
"Rylan","Glenn"
"Greyson","Avery"
"Willow","Pena"
"Kendra","James"
"Khloe","Burns"
"Lilly","Terry"
"Adalynn","Bonilla"
"Kenya","Medina"
"Noah","Pearson"
"Savion","Gordon"
"Skyler","Sims"
"Diego","Gould"
"Kaitlin","Kane"
"Patrick","Liu"
"Clare","Walter"
"Alana","Morgan"
"Justice","Gray"
"Arnav","Mcmahon"
"Seamus","Harding"
"Reagan","Daugherty"
"Braedon","Powers"
"Dillan","Parrish"
"Cristian","Weiss"
"Miya","Buck"
"Steven","Mann"
"Parker","Davenport"
"Adam","Sherman"
"Nikolas","Ayers"
"Gia","Gomez"
"Gemma","Berry"
"Chasity","Whitaker"
"Zackary","Hahn"
"Jocelynn","Fitzpatrick"
"Elijah","Gomez"
"Zaniyah","Welch"
"Marcelo","Marks"
"Braden","Carson"
"Lorelei","Bowman"
"Fiona","Soto"
"Deanna","Moran"
"Ashton","Pace"
"Edward","Frederick"
"Trevon","Craig"
"Hayley","Lam"
"Aidan","Hayes"
"Savanah","Montes"
"Taryn","Berry"
"Kolton","Mendez"
"Noelle","Hendrix"
"Amya","Rivas"
"Ari","Ruiz"
"Kaelyn","Hancock"
"Alexis","Huang"
"Kaylie","Atkinson"
"Dangelo","Kramer"
"Mayra","Villanueva"
"Monica","Zimmerman"
"Kristen","Bolton"
"Zackery","Daniels"
"India","Hensley"
"Arielle","Savage"
"Kristina","Proctor"
"Areli","Roy"
"Rebekah","Wall"
"Madisyn","Suarez"
"Maci","Aguilar"
"Kale","Baxter"
"Ayana","Spears"
"Brielle","Kramer"
"Gabrielle","Galloway"
"Kaya","Deleon"
"Armando","Middleton"
"Dayana","Holt"
"Braelyn","Rice"
"Precious","Bradley"
"Trevor","Mann"
"Caitlin","Hernandez"
"Cael","Rubio"
"Ariella","Booth"
"Kelvin","Bishop"
"Colt","Hanson"
"Aryana","Compton"
"Lina","Ellison"
"Hillary","Valdez"
"Raven","Vargas"
"Waylon","Haas"
"Willie","Simpson"
"Regan","Berger"
"Natalya","Silva"
"Angel","Hebert"
"Allyson","Arias"
"Jaylynn","Duran"
"Rowan","Glass"
"Deangelo","Kerr"
"Kevin","Hudson"
"Deandre","Murray"
"Brenna","Watson"
"Cynthia","Boyd"
"Brendan","Huerta"
"Daisy","Mcdaniel"
"Terrence","Leblanc"
"Kendall","Hale"
"Livia","Lowe"
"Alia","Morse"
"Sariah","Larson"
"Jeffery","Lopez"
"Francesca","Burns"
"Brylee","Padilla"
"Brooklyn","Sampson"
"Tatiana","Kaufman"
"Catherine","Schwartz"
"Amara","Phelps"
"April","Conley"
"Adrian","Bates"
"Fabian","Mclaughlin"
"Christine","Levy"
"Cullen","Burgess"
"Parker","Stevens"
"Lincoln","Schmidt"
"Alissa","Mayo"
"Gianna","Hoover"
"Valeria","Khan"
"Marisa","Best"
"Bella","Cooper"
"Ashlee","Bean"
"Quincy","Nicholson"
"Juan","Kirk"
"Ryland","Gallegos"
"Thalia","Kane"
"Easton","Swanson"
"London","Ingram"
"Carl","Ball"
"Kayleigh","Gamble"
"Taliyah","Cowan"
"Evie","Gregory"
"Mauricio","Garcia"
"Selina","Duke"
"Alessandra","Dickson"
"Randall","Day"
"Jayden","Benjamin"
"Gaven","Little"
"Alfonso","Leon"
"Dayami","Conway"
"Stacy","Solomon"
"Niko","Wiggins"
"Chelsea","Phelps"
"Joyce","Curtis"
"Corey","Watts"
"Alonzo","Gonzales"
"Jazlynn","Hardy"
"Cortez","Adkins"
"Orion","Woodard"
"Lucian","Sims"
"Chasity","Villarreal"
"Samson","Willis"
"Alden","Meyers"
"Teagan","Fuentes"
"Emmalee","Gaines"
"Krista","Nash"
"Jeramiah","Petersen"
"Clarence","French"
"Brodie","Myers"
"Harper","Hayden"
"Allyson","Maxwell"
"Erika","Zuniga"
"Rosa","Ewing"
"Angeline","Campbell"
"Riley","Freeman"
"Gisselle","Lewis"
"Connor","Francis"
"Simon","Gibson"
"Taylor","Bryan"
"Giovanny","Townsend"
"Carolyn","Charles"
"Karsyn","Coleman"
"Jessica","Herman"
"Deborah","Mcgrath"
"Kaylen","Lyons"
"Steve","Stein"
"Ryland","Ferguson"
"Camille","Orozco"
"Dylan","Livingston"
"Olive","Mcknight"
"Kaylen","Carlson"
"Milo","Moon"
"Kasey","Montgomery"
"Luca","Mercer"
"Sanaa","Reyes"
"Jesse","Hodge"
"David","Clayton"
"Angelica","Kidd"
"Ralph","Allen"
"Johnathan","Reed"
"Elizabeth","Perry"
"Karlee","Moreno"
"Victoria","Mcpherson"
"Danna","Pennington"
"Makayla","Wall"
"Uriah","Ewing"
"Alana","Williamson"
"Emerson","Burch"
"Maritza","Hill"
"Reginald","Randall"
"Lola","French"
"Kane","Burns"
"Wyatt","Liu"
"Carson","Boone"
"Samir","Mathis"
"Cecilia","Norman"
"Ali","Wheeler"
"Derek","Delgado"
"Alessandro","Camacho"
"Adriel","Rich"
"Aspen","French"
"Phoenix","Ortiz"
"Hayley","Thomas"
"Bryce","Bernard"
"Emilio","Maxwell"
"Tucker","Decker"
"Gemma","Schwartz"
"Yahir","Monroe"
"Trevin","Estes"
"Rowan","Maldonado"
"Yosef","Richmond"
"Sage","Vincent"
"Angelo","Randolph"
"Nigel","Kane"
"Devon","Huynh"
"Xzavier","Blanchard"
"Athena","Kline"
"Cristian","Abbott"
"Yair","Vasquez"
"Erick","George"
"Lamar","Peck"
"Nola","Sweeney"
"Paris","Duffy"
"Yusuf","Middleton"
"Guadalupe","Wilkerson"
"Kiersten","Wilkins"
"Chandler","Lawson"
"Ignacio","Daniels"
"Litzy","Pollard"
"Braeden","Hudson"
"Kara","Krueger"
"Aldo","Camacho"
"Jonathan","Moyer"
"Adonis","Mercer"
"Elijah","Zimmerman"
"Reagan","Huang"
"Ingrid","Larson"
"Melany","Oconnell"
"Isis","Padilla"
"Cale","Rios"
"Bridger","Baxter"
"Wayne","Valenzuela"
"Yasmine","Dudley"
"Cannon","Cortez"
"Libby","Webb"
"Fernanda","Cook"
"Jaelynn","Jennings"
"Frida","Kane"
"Dominique","Cherry"
"Steven","Frazier"
"Alfonso","Key"
"Irvin","Winters"
"Noelle","Grimes"
"Zackary","Gilbert"
"Keyon","Nunez"
"Ethan","Wolfe"
"Warren","Cannon"
"Zayden","Aguilar"
"Renee","Shea"
"Brooke","Leblanc"
"Charity","Francis"
"Madalynn","Moss"
"Nathalie","Bird"
"Kaylee","Sosa"
"Jaycee","Nash"
"Mariana","Fisher"
"Isabela","Fuller"
"Yurem","Fuentes"
"Belen","Foley"
"Jadyn","Key"
"Tyrell","Schmidt"
"Melanie","Roberson"
"Yuliana","Ayers"
"Maurice","Ellis"
"Livia","Mcclure"
"Makayla","Pratt"
"Khloe","Walsh"
"Annalise","Oneal"
"Leslie","Byrd"
"Alonzo","Dixon"
"Brynlee","Hendrix"
"Maci","Garcia"
"Jase","Roberts"
"Nathanial","Burton"
"Sage","Holt"
"Kenna","Mcbride"
"Darrell","Wilcox"
"Lilly","Dougherty"
"Paula","Andrews"
"Joy","Rosario"
"Korbin","James"
"Jaylyn","Solis"
"Laurel","Meyers"
"Mara","Mcgrath"
"Alex","Cortez"
"Dayana","Bright"
"Junior","Preston"
"Quintin","Bowers"
"Janiyah","Fisher"
"Issac","Archer"
"Drake","Sanders"
"Pamela","Christian"
"Leo","Kane"
"Mercedes","Cantrell"
"Brett","Tapia"
"Skylar","Dyer"
"Shannon","Mendez"
"Yoselin","Baxter"
"Trevon","Singleton"
"Marely","Larson"
"Amina","Case"
"Ingrid","Houston"
"Koen","Bowers"
"Melina","Pratt"
"Zaid","Norman"
"Eliana","Newton"
"Lucille","Wolf"
"Tucker","Sutton"
"Nathalie","Deleon"
"Amari","Fox"
"Ally","Grimes"
"Bronson","Daugherty"
"Savanah","Cherry"
"Draven","Gates"
"August","Hines"
"Mathew","Vance"
"Marlon","Fischer"
"Camron","Castaneda"
"Ryan","Oneal"
"Vaughn","Harrell"
"Kyra","Clay"
"Adalyn","Sawyer"
"Chasity","Chavez"
"Tommy","Dudley"
"Luka","Chan"
"Skylar","Kim"
"Elisabeth","Diaz"
"London","Henderson"
"Jeremiah","Callahan"
"Meredith","Hoffman"
"Laila","Hart"
"Eli","Acosta"
"Marely","Giles"
"Colton","Bowman"
"Katelyn","Orr"
"Camden","Crane"
"Marcelo","Castro"
"Mike","Gay"
"Cory","Molina"
"Braelyn","Campbell"
"Maurice","Cobb"
"Johnathon","Hensley"
"Martha","Bean"
"Laylah","Gallegos"
"Aditya","Stewart"
"Zoey","Preston"
"Eileen","Robertson"
"Ashtyn","Duarte"
"Katelynn","Dodson"
"Deven","Wilkins"
"Yusuf","Bender"
"Aden","Glass"
"Alyssa","Lynch"
"Curtis","Villa"
"Beckham","Vance"
"Arjun","Davis"
"Deshawn","Daugherty"
"Sage","Willis"
"Nathen","Edwards"
"Rosa","Schroeder"
"Jordan","Crosby"
"Bryanna","Mccullough"
"Andres","Kaufman"
"Emely","Cameron"
"Lilliana","Dean"
"Kaiya","Meadows"
"Alexus","Stone"
"Cheyanne","Adams"
"Annabelle","Blankenship"
"Lillian","Schultz"
"Karley","Dean"
"Maria","Myers"
"Maximus","Hanna"
"Cameron","Dennis"
"Brian","Kaiser"
"Jessie","Hanna"
"Keyla","Bush"
"Destiny","Delacruz"
"Ethen","Lara"
"Jarrett","Stokes"
"Shiloh","Kramer"
"Justice","Palmer"
"Karen","Reese"
"Jazlene","Pitts"
"Ronin","Wright"
"Calvin","Chung"
"Rashad","Thompson"
"Veronica","Robertson"
"Mireya","Vance"
"Annabella","Riley"
"Jayleen","Dougherty"
"Mallory","Cochran"
"Irvin","Pineda"
"Jadon","Best"
"Kaitlynn","Arnold"
"Gabriel","Reilly"
"Braiden","Kramer"
"Alisha","Rush"
"Solomon","Guerrero"
"Amirah","George"
"Leah","Nicholson"
"Tara","Clark"
"Marquis","Marquez"
"Kinsley","Warren"
"Ronald","Tate"
"Anika","Boone"
"Marques","Trujillo"
"Brenton","Vasquez"
"Edwin","Ingram"
"Bentley","Simon"
"Reid","Alvarez"
"Justine","Molina"
"Taniya","Spencer"
"Oswaldo","Frey"
"Yazmin","Ochoa"
"Mason","Gill"
"Miley","Rush"
"Ashton","Mcbride"
"Griffin","Stone"
"Dylan","Mullins"
"Desiree","Escobar"
"Parker","Cantrell"
"Kareem","Mcconnell"
"Ernest","Gould"
"Shaniya","Tapia"
"Giana","Stuart"
"Amare","Foster"
"Jaydon","Singleton"
"Clay","Robinson"
"Miya","Bonilla"
"Jasmine","Cook"
"Omari","Yoder"
"Amira","Young"
"Nataly","House"
"Dayton","Mora"
"Jadyn","Hurley"
"Issac","Combs"
"Roger","Hoover"
"Esteban","Cannon"
"Mark","Dougherty"
"Alma","Tyler"
"Tiffany","Costa"
"Emiliano","Mccarty"
"Asa","Rojas"
"Reese","Baxter"
"Anne","Chung"
"Landin","Sanders"
"Ariella","Pineda"
"Rogelio","Dawson"
"Drake","Reese"
"Zaire","Sims"
"Karla","Gordon"
"Lillian","Jacobs"
"Angelina","Montoya"
"Christine","Rodriguez"
"Brice","Olsen"
"Larissa","Ward"
"Deacon","Leach"
"Diego","Trujillo"
"Brycen","Adkins"
"Malia","Bowman"
"Braedon","Knight"
"Grace","Phillips"
"Madalynn","Meyers"
"Serenity","Hinton"
"Eddie","Welch"
"Carmelo","Potter"
"Miah","Peters"
"Parker","Wiggins"
"Dahlia","Meyer"
"Rose","Stafford"
"Everett","Castaneda"
"Stanley","Jimenez"
"Lorelei","Guerra"
"Cyrus","Townsend"
"Ruth","Hart"
"Virginia","Burch"
"Jayvon","Knapp"
"Steven","Little"
"Bryan","Shelton"
"Dominique","Leon"
"Dax","Wallace"
"Adalynn","Suarez"
"Phoenix","Little"
"Talan","Decker"
"Lorena","Ramos"
"Dominik","Cruz"
"Sherlyn","Koch"
"Adyson","Cobb"
"April","Martin"
"Paul","Marsh"
"Monica","Pope"
"Darren","Gallegos"
"Beckham","Snow"
"Alisson","Donaldson"
"Maia","Goodwin"
"Davin","Stevens"
"Coleman","Baldwin"
"Trinity","Wiley"
"Sheldon","Khan"
"Alisha","Mathis"
"Ashton","Hickman"
"Maggie","Richard"
"Bernard","Flores"
"Peyton","Copeland"
"Kobe","Wells"
"Wayne","Jenkins"
"Julie","Parker"
"Maliyah","Fischer"
"Hassan","Reed"
"Patrick","Bowman"
"Ashtyn","Riley"
"Nancy","Skinner"
"Kiley","Stuart"
"Arjun","Walls"
"Magdalena","Holland"
"Dakota","Holt"
"Sydney","Schmidt"
"Jonathan","Jensen"
"Nash","Kelly"
"Nash","Stanley"
"Darius","Bailey"
"Amari","Gates"
"Mark","Bird"
"Hunter","Robinson"
"Josue","Blackburn"
"Khloe","Steele"
"Marlon","Porter"
"Elliot","Houston"
"Christine","Green"
"Brynlee","Price"
"Lara","Espinoza"
"Marcos","Liu"
"Dakota","Schultz"
"Jaylin","Downs"
"Aspen","Roy"
"Brennan","Gallagher"
"Cristian","Carter"
"Teagan","Vance"
"Malcolm","Mccann"
"Stella","Nicholson"
"Monica","Hoover"
"Rosemary","Rios"
"Hillary","Blankenship"
"Chanel","Livingston"
"Royce","Molina"
"Kasey","Huerta"
"Phoebe","Mcpherson"
"Jenna","Nunez"
"Ana","Larsen"
"Kendra","Bray"
"Diana","Pitts"
"Angelina","Holt"
"Monserrat","Avila"
"Charity","Anthony"
"Lexie","Foley"
"Aliana","Serrano"
"Peyton","Norris"
"Brendan","Calderon"
"Paola","Leonard"
"Tanya","Caldwell"
"Jamya","Mason"
"Randy","Cooley"
"Angelina","Acevedo"
"Jacoby","Atkins"
"Lucas","Elliott"
"Albert","Tanner"
"Isaias","Cooley"
"Shelby","Boyle"
"Bryan","Sullivan"
"Arjun","Gould"
"Angelica","Li"
"Aidan","Reid"
"Erick","Lewis"
"Lilah","Shepard"
"Kaelyn","Meyer"
"Hailee","Villarreal"
"Santino","Humphrey"
"Luka","Compton"
"Kasey","Gomez"
"Rose","Suarez"
"Kate","Combs"
"Ian","Reynolds"
"Anika","Massey"
"Ada","Frye"
"Jermaine","Gibson"
"Matias","Singh"
"Lucian","Mccall"
"Jewel","Romero"
"Maren","Guerrero"
"Lincoln","Vaughan"
"Harold","Carr"
"Josie","Villanueva"
"Lance","Drake"
"Dax","Lucero"
"Scott","Kennedy"
"Urijah","Moss"
"Lainey","Villa"
"Kayden","Keller"
"Jaydan","Ellison"
"Alex","Olson"
"Augustus","Bray"
"Fletcher","Vance"
"Malcolm","Velez"
"Tobias","Trujillo"
"Axel","Mejia"
"Nyasia","Kidd"
"Jillian","Norris"
"Misael","Contreras"
"Aryana","Anderson"
"Devon","Buchanan"
"Jaidyn","Moyer"
"Lyla","Armstrong"
"Stanley","Turner"
"Princess","Gonzales"
"Natalee","Velasquez"
"Winston","Neal"
"Kenny","Delacruz"
"Alexander","Lopez"
"Elijah","Faulkner"
"Zoey","Ashley"
"Nataly","Porter"
"Patricia","Mcmillan"
"Adrienne","Mahoney"
"Caleb","Mueller"
"Mila","Novak"
"Mason","Gamble"
"Quinn","Stout"
"Kirsten","Horne"
"Madelynn","Dunn"
"Connor","Lester"
"Cynthia","Carlson"
"Martin","Banks"
"Scarlet","Koch"
"Philip","Dawson"
"Easton","Bridges"
"Jaylin","Hutchinson"
"Daphne","Crawford"
"Gael","Graham"
"Lexie","Lewis"
"Maximillian","Hendricks"
"Zaire","Graves"
"Hugo","Dougherty"
"Odin","Sosa"
"Jared","Bray"
"Pranav","Roman"
"Yandel","Beltran"
"Jamie","Boone"
"Ireland","Strickland"
"Taylor","Tapia"
"Clara","King"
"Damari","Murphy"
"Ali","Sweeney"
"Skye","Zamora"
"Jazmine","Cordova"
"Alexander","Young"
"Heidy","Sanchez"
"Skyla","Middleton"
"Mario","Haynes"
"Austin","Burgess"
"Jack","Andersen"
"Adalynn","Gross"
"Hillary","Watts"
"Noelle","Park"
"Maci","Lane"
"Liliana","Perez"
"Eleanor","Burns"
"Jason","Kent"
"Theresa","Copeland"
"Gabriella","Blankenship"
"Alissa","Wiley"
"Rebekah","Short"
"Sara","Yoder"
"Paige","Doyle"
"Kaelyn","Vincent"
"Tanya","Mcmillan"
"Jaylee","Cowan"
"Marley","David"
"Annabelle","Heath"
"Houston","Hanna"
"Kailey","Mcintyre"
"Shyanne","Lucas"
"Kaley","Clayton"
"Mayra","Deleon"
"Salvador","Briggs"
"Stephen","Schmidt"
"Zoe","Beasley"
"Francisco","Frazier"
"Janelle","Coleman"
"Timothy","Mcdonald"
"Jensen","Suarez"
"Patricia","Perez"
"Sidney","Fleming"
"Raina","Randall"
"Marlee","Hensley"
"Raelynn","Kirk"
"Moses","Kidd"
"Dominique","Schwartz"
"Emerson","Davies"
"Ethen","Silva"
"Xzavier","Ortiz"
"Jazlyn","Kirby"
"Braiden","Gray"
"Mila","Ramsey"
"Kaleb","Harvey"
"Rayne","Mills"
"Leandro","Soto"
"Deacon","Douglas"
"Jamiya","Foster"
"Julianna","Mueller"
"Lydia","Bailey"
"Troy","Thornton"
"Bailey","Foster"
"Giovani","Munoz"
"Bradley","Gonzales"
"Laylah","Lucero"
"Baron","Miles"
"James","Patrick"
"Aryana","Patrick"
"Yasmin","Morgan"
"Asia","Frey"
"Esteban","Chase"
"Davon","Dickerson"
"Riley","Strickland"
"Milagros","Valencia"
"Ricardo","Ferrell"
"Tatum","Atkins"
"Jadyn","Mckee"
"Caiden","Lin"
"Kayleigh","Mccall"
"Tyshawn","Mcdowell"
"Brent","Spence"
"Lorena","Bishop"
"Isaiah","Decker"
"Nigel","Hubbard"
"Tanner","Hull"
"Theresa","Potter"
"Hunter","Alexander"
"Jacey","Carlson"
"Esmeralda","Rojas"
"Leonidas","Wong"
"Devon","Lawson"
"Savanna","Archer"
"Jamison","Ochoa"
"Jonah","Bryant"
"Lamar","Sampson"
"Victoria","Costa"
"Penelope","Weaver"
"Dominic","Ballard"
"Keith","Cooke"
"Aaron","Farmer"
"Jabari","Gould"
"Paul","Estrada"
"Harper","Zimmerman"
"Maurice","Orozco"
"Ashanti","Galloway"
"Yasmine","Mcintyre"
"Angela","Morgan"
"Boston","Cox"
"Phillip","Bentley"
"Zayne","Chandler"
"Trystan","Bentley"
"Roman","Mcgrath"
"Willow","Tucker"
"Abbigail","Mitchell"
"Annabelle","Nelson"
"Jean","Crosby"
"Chaim","Yu"
"Cecilia","Oliver"
"Penelope","Malone"
"Lilianna","Greer"
"Ireland","Crawford"
"Tatiana","Ali"
"Abby","Brown"
"Kason","Ingram"
"Shawn","Skinner"
"Mollie","Meyers"
"Lilah","Bryant"
"Humberto","Harris"
"Jonah","Proctor"
"Clayton","Hutchinson"
"Maximilian","Harrington"
"Alexandra","Morrison"
"Arjun","Huynh"
"Timothy","Klein"
"Lawson","Duncan"
"Neveah","Blair"
"Brisa","Hampton"
"Tiana","Patton"
"Lauren","Velez"
"Emery","Braun"
"Kaleigh","Johns"
"Lacey","Montgomery"
"Darnell","Woodard"
"Samir","Andrews"
"Amelia","Hull"
"Nehemiah","Meadows"
"Landyn","Marsh"
"Lucas","Costa"
"Amaya","Ho"
"Amari","Guzman"
"Colin","Vaughan"
"Charlie","Stafford"
"Jennifer","Zuniga"
"Shaun","Whitney"
"Weston","Hendricks"
"Molly","Oneill"
"Cannon","Dennis"
"Jenny","Barker"
"Jocelynn","Gonzales"
"Sloane","Villegas"
"Jaylah","Price"
"Micah","Decker"
"Yamilet","Parsons"
"Jaydan","Gilbert"
"Saul","Cantu"
"Broderick","Villegas"
"Alisson","Stanton"
"Jude","Hughes"
"Holden","Gray"
"Guillermo","Lucero"
"Emmett","Bray"
"Chanel","Delacruz"
"Jaeden","Haynes"
"Chasity","Kramer"
"Karissa","Powell"
"Julianne","Lozano"
"Lance","Santana"
"Nola","Hopkins"
"Tatiana","Stephens"
"Madelyn","Harrison"
"Kennedi","Cohen"
"Carissa","Ortiz"
"Slade","Sharp"
"Maryjane","Daugherty"
"Grace","Luna"
"Hamza","Spence"
"Timothy","Choi"
"Madeline","Branch"
"Ingrid","Evans"
"Emmanuel","Malone"
"Julianna","Huffman"
"Roy","Stevenson"
"Jaslene","Werner"
"Hope","Stevenson"
"Valeria","Fernandez"
"Kamron","Larson"
"Geovanni","Stewart"
"Emelia","Andrews"
"Sarah","Dennis"
"Callie","Walter"
"Xander","Ramirez"
"Aldo","Alvarez"
"Jermaine","Pitts"
"Kara","Armstrong"
"Cesar","Huffman"
"Porter","Sullivan"
"Paxton","Moore"
"Aaden","Harris"
"Leanna","Green"
"Alani","Schaefer"
"Harper","Christensen"
"Teagan","Lawrence"
"Pamela","Stokes"
"Janet","Romero"
"Audrey","Vargas"
"Alicia","Harding"
"Jadyn","Michael"
"Desmond","Davidson"
"Leo","Galloway"
"Roberto","Barton"
"Dillon","Bowers"
"Rory","Nguyen"
"Aidan","Wilson"
"Dakota","Osborne"
"Ahmad","Yoder"
"Dominik","Rush"
"Virginia","Petersen"
"Brian","Carroll"
"Kale","Beasley"
"Angelina","Winters"
"Adelyn","Mcmillan"
"Cesar","Huffman"
"Jorden","Liu"
"Jaydan","Curry"
"Broderick","Green"
"Sidney","Arias"
"Miracle","Wilkinson"
"Leroy","Mejia"
"Henry","Patton"
"Will","Duffy"
"Gordon","Ferrell"
"Koen","Garrison"
"Kyra","Acosta"
"Ashton","Villa"
"Renee","Joyce"
"Caitlin","Costa"
"Wendy","Duke"
"Duncan","Travis"
"Georgia","Mckee"
"Brodie","Douglas"
"Andres","Ellison"
"Roselyn","Pham"
"Rashad","Simon"
"Carla","Oneill"
"Evan","Hamilton"
"Kaylee","Costa"
"Aarav","Hardy"
"Damarion","Harrison"
"Neil","Hoffman"
"Natalya","Bass"
"Skyler","Montgomery"
"Rashad","Arnold"
"Karli","Sanchez"
"Yareli","Mann"
"Keyla","Gallegos"
"Karla","Chaney"
"Francis","Farley"
"Jason","Price"
"Malik","Zimmerman"
"Philip","Richmond"
"Isabel","Herrera"
"Diana","Woodward"
"Matilda","Goodman"
"Gwendolyn","Lowery"
"Mercedes","Wiggins"
"Kareem","Sanders"
"Ryland","Bartlett"
"Aimee","Dougherty"
"Averi","Sanford"
"Shayla","Mueller"
"Amiyah","Mclaughlin"
"Jaeden","Costa"
"Caitlin","Gates"
"Justine","Alvarado"
"Joaquin","Key"
"Zack","Gardner"
"Tamara","Melendez"
"Jamie","Yates"
"Isaiah","Berger"
"Johnathan","Powers"
"Kaiden","Zimmerman"
"Alejandro","Keith"
"Fabian","Watts"
"Riya","Castaneda"
"Bradley","Chang"
"Jaden","Woodard"
"Jazmin","Moss"
"Carlee","Rios"
"Mylie","Padilla"
"Ariel","Mcclure"
"Khalil","Gay"
"Adelyn","Nichols"
"Roger","Nichols"
"Skyla","Wolf"
"Finnegan","Wilcox"
"Kassidy","Acosta"
"Isaiah","Copeland"
"Karlee","Kirby"
"Jimmy","Conrad"
"Declan","Chung"
"Marianna","Bonilla"
"Phoenix","Wilkerson"
"Lawrence","Rivers"
"Alex","Frank"
"Charity","Humphrey"
"Louis","Rocha"
"Simon","Hamilton"
"Gerardo","Ware"
"Alfredo","Barry"
"Marlee","Wilkinson"
"Melissa","Moreno"
"Elian","Watts"
"Ariella","Leblanc"
"Eli","Rush"
"Giovani","Jackson"
"Jacoby","Lawson"
"Amina","Drake"
"Junior","Reed"
"Simon","Stephens"
"Emiliano","Flowers"
"Reina","Ali"
"Jaydan","Molina"
"Conner","Pruitt"
"Javon","Huber"
"Kevin","Pitts"
"Brooks","Wyatt"
"Damaris","Mcguire"
"Aldo","Reynolds"
"Reilly","Giles"
"Pranav","Kirk"
"Hunter","David"
"Moses","Moore"
"Jakayla","Benitez"
"Jairo","Hill"
"Colin","Vang"
"Richard","Weeks"
"Larry","Patel"
"Demarcus","Schaefer"
"Romeo","Rogers"
"Jamal","King"
"Renee","Stuart"
"Julianne","Winters"
"Charlie","Mccall"
"Dane","Villa"
"Mylie","Oliver"
"Zander","Townsend"
"Alfredo","Harrington"
"Dawson","Knapp"
"Laurel","Francis"
"London","Rich"
"Christine","Strickland"
"Ariella","Hahn"
"Gavyn","Tucker"
"Keegan","Strong"
"Lexie","Brooks"
"Jolie","Walton"
"Aiyana","Murray"
"Leanna","Nelson"
"Cassandra","Dalton"
"Lillianna","Gutierrez"
"Mckinley","May"
"Isaiah","Mcknight"
"Brooke","Faulkner"
"Lorelei","Christensen"
"Ishaan","Woods"
"Peyton","Hayden"
"Wilson","Webb"
"Delilah","Lutz"
"Makayla","Moyer"
"Saige","Clark"
"Kellen","Vazquez"
"Bentley","Patrick"
"Adan","Arias"
"Misael","Cuevas"
"Braylon","Weaver"
"Leland","Solomon"
"Simeon","Callahan"
"Rubi","Downs"
"Rigoberto","Gallagher"
"Jacey","Mcconnell"
"Savanah","Roach"
"Jaylen","Buchanan"
"Aurora","Frederick"
"Audrina","Silva"
"Megan","Fowler"
"Tristen","Buckley"
"Kai","Oconnell"
"Kael","Chaney"
"Davon","Richmond"
"Priscilla","Grimes"
"Karley","Herring"
"Carson","Maldonado"
"Jeramiah","Aguilar"
"Reilly","Maldonado"
"Kristina","Burgess"
"Jamari","Thomas"
"Ivy","Vazquez"
"Jaylin","English"
"Maritza","Church"
"Edward","Lin"
"Kaya","Campos"
"Carl","Choi"
"Simon","Pierce"
"Daniella","Archer"
"Eileen","Gardner"
"Christina","Kennedy"
"Frank","Sawyer"
"Malia","Krueger"
"Heaven","Charles"
"Guadalupe","Bass"
"Anna","Schultz"
"Krish","Barrera"
"Alexis","Olson"
"Priscilla","Medina"
"Nathaly","Stewart"
"Holden","Wells"
"Ben","Hancock"
"Xzavier","Khan"
"Brent","Khan"
"Waylon","Wheeler"
"Joselyn","Leonard"
"Carissa","Vazquez"
"Franklin","Tucker"
"Adelyn","Hahn"
"Gwendolyn","Moreno"
"Alena","George"
"Ryann","Dyer"
"Justice","Waller"
"Nickolas","Noble"
"Reese","Goodwin"
"Jayden","Lloyd"
"Madden","Dennis"
"Zane","Bean"
"Kamila","Kane"
"Kenny","Gordon"
"Kelton","Huffman"
"Ezra","Wolfe"
"Keith","Roberts"
"Francisco","Reed"
"Nicole","Marshall"
"Kylie","Osborn"
"Nick","Dudley"
"Finley","Morse"
"Micaela","Underwood"
"Mia","Krause"
"Charlotte","Figueroa"
"Zoey","Foster"
"Julia","Meyer"
"Drake","Roberson"
"Jefferson","Stout"
"Perla","Preston"
"Cristofer","Jones"
"Javier","Brown"
"Bruce","Cook"
"Keegan","Maxwell"
"Ronan","Valenzuela"
"Kamila","Coleman"
"Kamron","Mcguire"
"Harold","Odom"
"Monserrat","Frey"
"Brandon","Vance"
"Litzy","Brewer"
"Kaylah","Gibbs"
"Kamren","Gray"
"Belen","Ball"
"Donte","Bowen"
"Gia","Hendrix"
"Anna","Hogan"
"Allyson","Dennis"
"Dayami","Payne"
"Annabella","Vance"
"Porter","Moran"
"Jessie","Tate"
"Emilie","Sexton"
"Alana","Moses"
"Grant","Goodman"
"Kaeden","Shea"
"Evelin","Cherry"
"Tristen","Lucero"
"Sterling","Gallegos"
"Giada","Gross"
"Destinee","Baldwin"
"Angie","Dickerson"
"Ricardo","Scott"
"Adelaide","Randolph"
"Nyla","Horton"
"Casey","Lara"
"Jasiah","Montes"
"Nola","Velasquez"
"Ashton","Kerr"
"Quinten","Lynch"
"Fatima","Potter"
"Leah","Hanson"
"Isaias","Ho"
"Zaniyah","Henry"
"Moses","Gregory"
"Darren","Booker"
"Dereon","Forbes"
"Emerson","Blackwell"
"Donovan","Jacobson"
"Madyson","Foster"
"Matilda","Mason"
"Kole","Rollins"
"Isla","Mills"
"Arabella","Avila"
"Aaron","Henderson"
"Frederick","Lambert"
"Ryan","Zuniga"
"Joselyn","Schroeder"
"Dante","Bradshaw"
"Isabelle","Abbott"
"Jabari","Yu"
"Cameron","Rivers"
"Yandel","Nixon"
"Tamia","Curry"
"Kathryn","Mckee"
"Heath","Dickerson"
"Savanah","Morton"
"Valentino","Ellis"
"Victor","Dean"
"Abigail","Hall"
"Haiden","Bradshaw"
"Julianna","Mullen"
"Zayden","Alvarado"
"Leticia","Koch"
"Gemma","Rice"
"Damien","Flowers"
"Braylen","Ramsey"
"Jamir","Mcguire"
"Finley","Gaines"
"Jameson","Hickman"
"Maren","Odonnell"
"Muhammad","Potter"
"Casey","Bell"
"Mariela","Rollins"
"Andrew","Moran"
"Briley","Dominguez"
"Clare","Gould"
"Salvador","Knapp"
"Jon","Holmes"
"Rex","Greer"
"Chelsea","Bautista"
"Jefferson","Kaufman"
"Lily","Kelley"
"Jillian","Huynh"
"Leia","Andrade"
"Clarissa","Powell"
"Ashtyn","Waters"
"Irene","Harding"
"Amina","Bowman"
"Parker","Bass"
"Kyler","Gutierrez"
"Maya","Spence"
"Markus","Terry"
"Larissa","Goodwin"
"Alex","Delacruz"
"Brayden","Booth"
"Lea","Figueroa"
"Deshawn","Kidd"
"Ryan","Deleon"
"Hannah","Huang"
"Julianna","Salas"
"Brett","Oconnor"
"Elena","Moran"
"Braylon","Henson"
"Alexander","Obrien"
"Brice","English"
"Neil","Callahan"
"Braylen","Tanner"
"Thaddeus","Swanson"
"Stanley","Ryan"
"Camille","Bautista"
"Marcelo","Giles"
"Shayna","Chapman"
"Keshawn","Tate"
"Judith","Archer"
"Braxton","Stone"
"Dayami","Guerra"
"Jonathon","Chung"
"Valentino","Duran"
"Xzavier","Fleming"
"Leila","Christensen"
"Virginia","Martin"
"Aidan","Nielsen"
"Korbin","Salas"
"Blaze","Tucker"
"Ryan","Sosa"
"Savanna","Riley"
"Zara","Parsons"
"Trace","Schneider"
"Tiara","Washington"
"Sage","Ruiz"
"Jordon","Boyle"
"Jaylah","Campos"
"Jordan","Davies"
"Kelsey","Rosario"
"Luca","Carey"
"Roland","Wells"
"Liana","Pace"
"Hailie","Ellis"
"Alan","Watts"
"Dillan","Barnett"
"Haven","Wilkerson"
"Layla","Park"
"Isabella","Fritz"
"Yurem","Poole"
"Kaelyn","Baxter"
"Ansley","Small"
"Brennan","Reilly"
"Miya","Mcpherson"
"Evelyn","Hamilton"
"Eve","Hamilton"
"Danica","Zamora"
"Jasper","House"
"Sasha","Dickson"
"Cynthia","Pham"
"Cloe","Brock"
"Tyree","Lara"
"Esperanza","Oneal"
"Maddox","Michael"
"Reginald","Guzman"
"Bradyn","Bowman"
"Zariah","Browning"
"Semaj","Haney"
"Kinley","Moss"
"Lia","Fleming"
"Troy","Bailey"
"Dakota","Nielsen"
"Keely","Baird"
"Bruno","Glass"
"Natalee","Meza"
"Parker","Owens"
"Wilson","Mullins"
"Jorge","Melton"
"Alonso","Dickson"
"</ol>